segment_id,semantic_label,semantic_phase,median_x_mm,median_y_mm,median_z_mm,mean_x_mm,mean_y_mm,mean_z_mm,residual_p50_mm,residual_p90_mm,residual_p95_mm
S1,approach_drawer_handle,0.0,428.71726989746094,0.41507527232170105,456.9169464111328,427.9752604166667,-0.4260377665360769,457.2273712158203,8.121488095922183,13.156141268976068,14.454002968458095
S1,approach_drawer_handle,0.01,427.406983033075,-0.015101415884056557,457.6143811609791,427.10229968837746,-0.03228980808515747,457.95962499117246,7.980599648773877,13.78151269180071,15.410816104259126
S1,approach_drawer_handle,0.02,426.5702419869242,-1.773282637252694,458.8100810649648,425.901561173958,-0.6611129185919628,459.802458184572,10.049508701917503,16.609238702837317,17.54160226413927
S1,approach_drawer_handle,0.03,426.01362352154206,-4.85861047250677,460.39287532758965,424.84456159814175,-1.9939301852503666,462.0536262948877,11.197013975993253,19.12480893732861,20.005550299700833
S1,approach_drawer_handle,0.04,425.01172163635886,-8.806626874638264,460.7207853142035,424.0062819340858,-4.388185217145941,463.7162169198524,12.048082511038581,24.376514619634293,25.422503809585848
S1,approach_drawer_handle,0.05,424.6751037431185,-12.576736572789741,462.4404643539402,423.4269124004152,-7.01062270013389,465.55666352425357,13.14086484363483,25.4694923688762,29.758050300766076
S1,approach_drawer_handle,0.06,423.8795448363061,-16.165178130003518,465.23441331769277,423.0767456228346,-9.953259135247597,467.4532116554195,14.062483853619511,26.211366390614995,30.10043703725934
S1,approach_drawer_handle,0.07,423.83972000008487,-19.48838689130267,467.54207725199194,423.0350515255634,-13.206201683947992,469.3070097387805,15.111975591535007,27.319598040155203,30.463587182699406
S1,approach_drawer_handle,0.08,423.40417794891846,-22.93148218484029,469.71278233270516,422.932008116143,-16.5017825337626,471.27827228906636,15.797308897156729,27.779997956141433,31.084959975980862
S1,approach_drawer_handle,0.09,422.638774696699,-26.108196671015925,471.3326364257479,422.8317724039472,-19.93997225254544,473.30027385232455,16.70132144600648,27.835429648275888,31.462041224037133
S1,approach_drawer_handle,0.1,421.97074984473596,-28.80721406053259,472.94096979424273,422.7833978180759,-23.38089043771254,475.0573215844698,17.337995218701224,28.49160574590514,31.549892024090326
S1,approach_drawer_handle,0.11,422.02842928703024,-32.85414054252058,474.54317631837046,422.5529320384321,-26.839285565620653,476.8883585147631,17.5449176933973,30.06505759716168,32.63553154201159
S1,approach_drawer_handle,0.12,422.4838640068175,-37.39160875131304,476.43864664826083,422.4140419615093,-30.280530129482838,478.55902916994575,17.585014193224527,31.64520318087331,33.93996814740391
S1,approach_drawer_handle,0.13,422.43964019162524,-41.64013517533821,477.7127941868686,422.307779135204,-33.65128504906245,480.1714380356887,19.26969008755281,33.43804822909383,35.42566823787016
S1,approach_drawer_handle,0.14,422.4698242319121,-45.509936380591974,479.8464968945416,422.3459960036779,-37.15359434025847,481.92614295723973,19.458371641489386,34.47852715323415,36.37656648052773
S1,approach_drawer_handle,0.15,422.6768660747412,-48.66377933296454,481.9801813723665,422.4307473066532,-40.64887133879816,483.7157136822524,19.992154632113053,34.93884294138891,37.00401811826371
S1,approach_drawer_handle,0.16,422.56399775636726,-51.697694663183114,484.2149039205583,422.6113593665153,-44.223013419427765,485.43466862871236,20.92728845230347,35.52625357273394,37.6821323366462
S1,approach_drawer_handle,0.17,422.42917847693684,-54.96519356021989,485.6562476133072,422.91438426149034,-47.84055217864341,486.9670718898123,21.728751591947358,36.42879211436168,38.9811990383081
S1,approach_drawer_handle,0.18,422.8035381454214,-58.51232738749705,486.9655608387923,423.2401424835836,-51.53418020512179,488.27873155070614,21.548096870943233,37.95073416707459,41.07841338319183
S1,approach_drawer_handle,0.19,423.0032936147149,-62.16507603155206,488.88294989974196,423.5912901212424,-55.29530411468421,489.4173222538824,22.65869392159308,40.28861165934817,42.771196276386
S1,approach_drawer_handle,0.2,422.83763988206573,-65.62811739865069,489.3804265350758,424.03604546182044,-59.10239220355941,490.3934075551146,24.168974750837428,42.32060487282604,44.419607234113585
S1,approach_drawer_handle,0.21,422.18390528441006,-69.09486035909039,487.1909096678454,424.4477105355655,-62.68787215659777,491.13189704323196,25.76162818933018,43.02145959434008,46.98763232370547
S1,approach_drawer_handle,0.22,422.8953566134827,-71.84415847124606,488.1124735364318,424.8913209603239,-66.25693048111802,491.737988475786,26.300518684967,44.47336467014924,48.63562792059429
S1,approach_drawer_handle,0.23,423.9331379100065,-73.92586549668891,489.4088396892313,425.47760718188397,-69.85642881868043,492.1648381745121,27.16200305576805,46.37848545323438,50.31824982444885
S1,approach_drawer_handle,0.24,425.3856082634785,-77.64050709987765,490.42894706088225,426.27435159625134,-73.41933643852896,492.493231688497,27.86661828362658,48.10339328916647,52.2283781236792
S1,approach_drawer_handle,0.25,427.19336324976246,-81.34803187442552,491.38478534601074,427.13650024137917,-76.8975872019603,492.44442827527075,27.989162105908598,49.67400875854434,53.699403887860235
S1,approach_drawer_handle,0.26,428.55348862092274,-84.54840532918033,492.98149435892844,427.908551119609,-80.38353081238259,492.0248079452182,30.925959019429037,52.02226795669603,54.534757726175236
S1,approach_drawer_handle,0.27,428.81587767831456,-87.67136515259959,493.8741585152967,428.73033899636846,-83.71517489955886,491.3076974764139,30.099436606788345,53.22888966402771,55.33991023974856
S1,approach_drawer_handle,0.28,430.10969977450054,-90.4765507190979,493.4848181286104,429.6429381491895,-86.96348461408505,490.43263953386645,30.647857626112536,55.3434330168218,58.10286279156492
S1,approach_drawer_handle,0.29,432.35188736350733,-93.46572184471466,493.83272415030694,430.60944395386184,-90.15273797628757,489.5518224410006,32.23085002248435,56.5719358333151,63.163903885472024
S1,approach_drawer_handle,0.3,434.78989067870714,-96.38197375810137,493.2749487259705,431.54802102491885,-93.211700081659,488.47424211956394,31.720754480181483,57.09751226940964,65.99993918544821
S1,approach_drawer_handle,0.31,434.3146986730701,-98.73307914922961,492.1998079429767,432.5754526563936,-96.06895610787849,487.19120712038523,31.2925615289067,58.792027770788174,64.93188680502328
S1,approach_drawer_handle,0.32,434.9507318715057,-101.63639153710989,490.78913323288475,433.61193907145645,-98.6948451894562,485.6825975577168,31.43394221355951,59.65680105487626,64.38224106979597
S1,approach_drawer_handle,0.33,435.92452350763506,-105.08042259326947,488.8492845983794,434.5935558703853,-101.34778027482169,484.0082712803111,31.854005749599494,59.91427829811031,64.3337297217937
S1,approach_drawer_handle,0.34,437.39995618656997,-107.41360651157032,487.30726274921454,435.69290272383057,-104.03444400625503,482.21921936351015,33.08210288749741,60.03329077651252,63.40825206084394
S1,approach_drawer_handle,0.35000000000000003,439.02746786868715,-110.57377123766238,485.71839376354615,436.9327077867179,-106.66239279732417,480.378875506679,34.750849329464884,60.057237419494015,63.172716305796285
S1,approach_drawer_handle,0.36,440.5322562758805,-113.8539079043642,483.8026637818442,438.2551114548167,-109.23452855178145,478.5124789628977,33.72544138201331,59.71029956227016,62.908234325449556
S1,approach_drawer_handle,0.37,440.2104025986936,-116.07199666918353,481.16437218116675,439.66708611933973,-111.60025697727835,476.24258615027895,32.924445049852004,59.50512462754514,61.708001381897475
S1,approach_drawer_handle,0.38,440.29353157541743,-118.90587068255499,478.0526065986986,441.0865161071935,-114.13228174377714,473.998989025504,33.9172532161864,60.45618025331429,61.877187859487414
S1,approach_drawer_handle,0.39,440.82868713443776,-121.6496449194351,475.10138733556073,442.5154883245498,-116.61764531294102,471.6851328159928,35.18272913129353,60.79741319863536,62.66264134343105
S1,approach_drawer_handle,0.4,442.2894734556204,-124.39844124062122,471.85994809144677,443.993416991286,-119.0399335194592,469.2583486419984,35.791520626681105,60.24527888196695,63.19603144817847
S1,approach_drawer_handle,0.41000000000000003,444.1935646270573,-125.6657077307672,468.7013028004626,445.58993562923564,-121.37636670129466,466.75459584388466,36.07952675848977,60.513955756630665,62.70687908765597
S1,approach_drawer_handle,0.42,446.0886120172445,-127.30535666232825,465.62941199679346,447.10811384140453,-123.74076972413147,464.1628664003117,35.676326958808616,59.1476977361482,63.32031149370854
S1,approach_drawer_handle,0.43,447.06992473980506,-128.6856479900897,463.83303485284637,448.65849976846187,-126.16633630697274,461.5658276438051,36.27437613769651,57.85107103058461,64.01592131616704
S1,approach_drawer_handle,0.44,448.0527669269942,-129.52684433821887,461.1905585750932,450.3167018603282,-128.63229378264614,459.00324372839833,36.55903507331382,55.408720100302936,65.1460403872426
S1,approach_drawer_handle,0.45,449.0625937672901,-131.30836812684208,457.621803266044,451.8235354504485,-131.08253334988015,456.3878013916752,37.21720924448967,54.1472941936398,65.37837548915665
S1,approach_drawer_handle,0.46,450.09634742542266,-134.4320162524266,454.70630914844753,453.02699383312694,-133.40407354975167,453.93296587918644,38.01687439588437,56.822111589602805,67.94869878851065
S1,approach_drawer_handle,0.47000000000000003,451.09770378167565,-137.1919300773797,452.26444523935913,454.28945951807873,-135.59215519180574,451.5102107586891,38.01481043467189,59.601298121760756,70.03984469330395
S1,approach_drawer_handle,0.48,452.19444659507445,-138.7207521465209,450.1024797257319,455.6736593173976,-137.71896793086052,448.85045661548304,37.652894481182216,59.34405046686103,71.72597295410955
S1,approach_drawer_handle,0.49,453.3679009205922,-140.0807263176181,447.9892565239404,457.38497673448154,-139.67783147500936,446.0802427115049,37.01998875173377,58.7353632144796,71.02582587612693
S1,approach_drawer_handle,0.5,455.29794247226334,-141.54156336180148,445.19425902757706,459.0318907991828,-141.699544687066,443.20931657530645,37.38865803213416,59.29905516282164,69.0270762952189
S1,approach_drawer_handle,0.51,457.7093847600075,-143.12078325947436,442.44354012681015,460.66286485463365,-143.69730640173768,440.24146249141927,36.84361613933913,59.226573814275994,68.25875961880311
S1,approach_drawer_handle,0.52,460.1074087098872,-144.80621465528597,439.69187117663904,462.3469050013009,-145.50347235824833,437.31215443927067,35.815148692956626,57.14102859766722,68.18226673047363
S1,approach_drawer_handle,0.53,461.9384363768742,-146.67279475416012,436.5083687922496,464.13088088720434,-147.30324847085095,434.4063053649112,34.65519721307135,55.15951283023594,66.88507200104098
S1,approach_drawer_handle,0.54,463.63771344970417,-149.18933157401779,433.95581082751875,465.9178691917575,-149.0057383111575,431.394452113646,35.06691181928574,53.22933367866269,64.59729323687428
S1,approach_drawer_handle,0.55,465.3865819300753,-151.67145543584658,431.54706509922687,467.76683483719484,-150.5463076027551,428.30189371212316,35.43250412314795,51.911221670039296,61.92435296714395
S1,approach_drawer_handle,0.56,465.8083925142772,-153.97767167387508,428.6626963574605,469.72886282359576,-152.05647233824646,425.20507753112634,35.94725813974658,52.005174018458945,58.068846529108434
S1,approach_drawer_handle,0.5700000000000001,466.54966140869436,-154.90739284718748,425.39577037251644,471.6958382853833,-153.56786755819698,422.07038827320554,34.97378561769894,52.71302118039353,54.6716930164864
S1,approach_drawer_handle,0.58,468.2961053087173,-155.96636091671706,422.12142648345355,473.58643802276043,-155.05812910602262,418.8957688745508,34.21896129809511,51.630761746999816,54.56946395080594
S1,approach_drawer_handle,0.59,469.40189108229606,-157.1308848982518,419.65455299191444,475.41129785529705,-156.46693976465193,415.66002525427797,33.671562993169914,51.324559551667015,55.15238532986596
S1,approach_drawer_handle,0.6,471.7371670832707,-159.08702751950756,416.6423189277348,477.2470397840498,-157.8140762593922,412.412609867224,33.61899721830217,49.73345377921,55.92195282270554
S1,approach_drawer_handle,0.61,474.3155229505694,-160.2686022934294,413.8455218034235,479.0686336150978,-159.10442537881832,409.1215725652347,33.592096158110806,48.28810779223716,56.90658215353069
S1,approach_drawer_handle,0.62,476.8091522541804,-160.9232651870632,411.05669786865553,480.81671455816075,-160.37769021386364,405.83139697916494,33.88801081106247,47.578313744195164,57.92002312630763
S1,approach_drawer_handle,0.63,479.231326115446,-161.5307398170023,407.78188130281876,482.57396197701297,-161.74203615086688,402.54615812439687,33.823394726790134,47.337991290863876,58.79015318898215
S1,approach_drawer_handle,0.64,481.5149300671359,-161.41058149844486,404.1130809685725,484.3709626593353,-163.1534763657054,399.2473745666197,32.913483565295635,46.46986252230803,59.57098331127044
S1,approach_drawer_handle,0.65,483.7114134992675,-161.07090190294596,400.36861591968693,486.21607897745065,-164.44425697196783,395.8734211954289,30.366146404205352,45.93061438083432,60.21255747505677
S1,approach_drawer_handle,0.66,486.6305970109328,-160.74330847752123,396.5115494959779,488.12535751812305,-165.64579495570197,392.5159929628795,28.321603876975157,45.479253534081096,60.50631752116331
S1,approach_drawer_handle,0.67,489.82798225486704,-161.51607318499606,392.6983218683962,489.9860986379719,-166.66741599411233,389.21304659848914,27.75539661062008,44.95997852353184,58.5346285578441
S1,approach_drawer_handle,0.68,492.9054202888991,-163.78682061575424,388.8917863340107,491.79804649210473,-167.5975764462791,385.95295912485915,27.825358949671532,45.9156130082504,55.059475431400514
S1,approach_drawer_handle,0.6900000000000001,494.74257159260753,-165.2249495663017,385.0523840474019,493.60814679490954,-168.41572078900293,382.6599771694267,26.7950769015996,46.06307410305202,51.280585774774
S1,approach_drawer_handle,0.7000000000000001,496.48068308423126,-167.55923723287384,381.23389105778494,495.3924780998237,-169.12138748055708,379.35089337733126,28.226631643959315,46.78038748404317,47.19628952557924
S1,approach_drawer_handle,0.71,498.0459787398943,-168.08855606161305,377.74399786571905,497.0978628413806,-169.76301679525835,375.99629715044,28.57444703981364,43.101926442730964,46.007261339255365
S1,approach_drawer_handle,0.72,499.75962453737696,-167.27317415992556,373.87306346479136,498.7245205975353,-170.35114217854328,372.59709353644035,28.091708280448376,42.615189347609046,44.92438290799266
S1,approach_drawer_handle,0.73,501.6426897741557,-168.2981720329851,369.7514621804772,500.34872088102514,-170.9310860967662,369.1323999461775,27.119604064938088,43.624456040090124,45.37624907540695
S1,approach_drawer_handle,0.74,503.7071860027694,-169.76809889324701,365.75910599432757,502.0087842659149,-171.57400530305503,365.6516971254944,26.519256145152525,43.46702268147203,46.19169582261599
S1,approach_drawer_handle,0.75,506.0668860621537,-169.56849937684368,361.92274240131985,503.66497065425835,-172.37356128026119,362.15657440498916,26.349686363542116,42.076959952041,46.624009300699534
S1,approach_drawer_handle,0.76,508.5716256124914,-169.79376718464272,358.06482450748626,505.27915544319995,-173.17816889247626,358.68493022933666,25.39115085243391,41.445511374654004,47.51388353610145
S1,approach_drawer_handle,0.77,510.8054150269975,-170.28892510563037,354.2438717283335,506.8539938849911,-173.92683718788496,355.23209379240967,24.23247338318607,41.68860563637114,48.404771377430706
S1,approach_drawer_handle,0.78,512.2016983533204,-170.69764515756532,350.482864613709,508.41451550916486,-174.59972102172435,351.7711393489603,23.32961442268445,42.16260382876058,48.65713844545241
S1,approach_drawer_handle,0.79,513.6166775171441,-171.2498896209554,346.96852735653647,510.04144779384563,-175.2443649193859,348.40466490177783,22.12600264115278,41.67010511890379,49.95441966337939
S1,approach_drawer_handle,0.8,513.7927178778526,-171.4854781771719,343.84347601270724,511.61991679971857,-175.72857734567188,345.0927218986401,21.068401858780906,41.43220672539895,50.78557661805631
S1,approach_drawer_handle,0.81,513.914310426994,-172.4010931998642,341.3688069620342,513.2283309459503,-176.2822220157095,341.8722293363821,22.25204512397977,42.9805005485664,51.87130259723014
S1,approach_drawer_handle,0.8200000000000001,514.8415975122184,-173.8871817573826,338.9103790619763,514.9273943184388,-176.8489370288832,338.66613974648095,22.32255238558441,43.7278749055793,53.780609941174134
S1,approach_drawer_handle,0.8300000000000001,517.1838822779062,-174.84634651081842,334.9866958254797,516.6732692034825,-177.4363748217949,335.44899468114596,22.108675366471203,42.73577363383271,56.46961475954134
S1,approach_drawer_handle,0.84,519.9221576289135,-175.0604622097809,331.677994917156,518.482038996566,-178.1189097555577,332.1528116917526,21.881941903385165,42.14218443644463,59.20398543349834
S1,approach_drawer_handle,0.85,522.62860003688,-175.65504152088846,328.52976693908545,520.4479942816641,-178.7430185261575,328.8675020358923,21.330692828075705,42.20140913861698,61.186319640150046
S1,approach_drawer_handle,0.86,526.0295910145619,-176.42395635869977,325.5733945720259,522.5385444423108,-179.0580293052756,325.76131380000226,20.30327648401003,41.934042839910155,58.91828302969353
S1,approach_drawer_handle,0.87,529.0488071967933,-177.62506633078294,322.727467086184,524.6784726887936,-179.30695339098344,322.71378125445153,19.38986850494493,41.34285439984047,55.587135073824186
S1,approach_drawer_handle,0.88,530.7228951894189,-178.86105090397822,320.8543828851955,526.8492499119313,-179.6597339807586,319.61447858024195,19.24330816126293,40.393358500779456,55.06777397626924
S1,approach_drawer_handle,0.89,533.1427350277418,-180.14904929304433,318.78779137166674,528.8803240963774,-180.3390231591506,316.60264085357056,19.82526289931576,41.56156625106462,55.568811645816055
S1,approach_drawer_handle,0.9,535.8564337362657,-180.7008433673049,315.8451587425934,531.054817695078,-181.12876107116583,313.58309484308677,19.69218514753537,42.738360776794494,56.68061130611952
S1,approach_drawer_handle,0.91,538.6609933792718,-180.61203403198522,312.2904597730268,533.2673395329753,-181.9508974645522,310.55778391985456,19.23361916922179,43.47889191572729,57.41637962119479
S1,approach_drawer_handle,0.92,540.4309013934917,-181.67671626086798,308.58298874917773,535.3653045627024,-182.61409805579495,307.4385316623066,19.52142125113122,42.925145512121865,55.505967230250356
S1,approach_drawer_handle,0.93,541.6920284957698,-183.32142062653418,304.83480145490455,537.3732543006348,-183.41850731152275,304.4322950967598,19.38878353178127,41.88017049817351,52.44701250919951
S1,approach_drawer_handle,0.9400000000000001,544.1031492462371,-184.24276215715315,301.96756613506057,539.3543698553683,-184.29161390934345,301.50159715715756,19.350550332984454,35.838763207787466,52.81643629748866
S1,approach_drawer_handle,0.9500000000000001,546.635704062529,-186.3593064478472,299.0130203340624,541.4201326324807,-185.35990760480436,298.72049621635136,19.150750567396713,34.38778993792587,53.54714796781714
S1,approach_drawer_handle,0.96,548.352958243549,-187.9053099283181,295.9753070620959,543.4509870577601,-186.555813043407,296.191709447644,17.774568644449133,35.70056597964773,52.920088454949216
S1,approach_drawer_handle,0.97,551.9374235803656,-189.02490279021887,294.7288166762477,545.5218327804072,-187.34202419581126,293.71670556189605,17.67595154202815,39.10691763790981,53.659570761302945
S1,approach_drawer_handle,0.98,553.5932376930198,-189.0167175955407,294.22048163346835,547.3029097562346,-187.1931320184367,291.7856495548497,16.543145747043866,40.949517340912486,53.29263089060457
S1,approach_drawer_handle,0.99,552.9417665371055,-187.42093394678722,292.86467449743105,548.4107591846954,-186.59138585548342,290.0465846690022,15.652187831741527,38.49799791265261,53.582458682743294
S1,approach_drawer_handle,1.0,552.8124084472656,-185.69886016845703,292.3791046142578,548.1858764648438,-186.12936299641927,289.65793660481773,16.09805773710426,35.84569787431374,55.01514709131707
S2,manipulate_drawer_open,0.0,552.8124084472656,-185.69886016845703,292.3791046142578,548.1858764648438,-186.12936299641927,289.65793660481773,16.09805773710426,35.84569787431374,55.01514709131707
S2,manipulate_drawer_open,0.01,551.9946664628076,-185.550449748394,292.3941511822454,547.172458103419,-185.79146560374548,289.57924891016376,15.335460810283262,36.463274501996125,55.46225531890063
S2,manipulate_drawer_open,0.02,550.9816660795288,-185.01283834604862,291.811205307714,546.1089458363618,-185.1107786289827,289.38258805769965,15.09967938417319,37.28648905349063,55.95056515818219
S2,manipulate_drawer_open,0.03,550.023001042933,-184.37019531777833,292.35996753298446,545.1717412018975,-184.26603224495236,289.0811186855169,15.543494806166578,38.500055374371414,56.66384176963066
S2,manipulate_drawer_open,0.04,548.881872328514,-183.59212140389167,292.41182367949375,544.2186438701934,-183.3530591769167,288.8599507988471,16.174227623609006,38.95512721410883,56.18062803384491
S2,manipulate_drawer_open,0.05,547.5533953338957,-182.93182801025625,292.1487194094477,543.0820232396511,-182.5469305478149,288.7166568183523,16.32692309861378,37.33021515905408,55.89062891682433
S2,manipulate_drawer_open,0.06,546.1247074247169,-182.03241524946367,292.2954239843658,541.7374335157448,-182.0321641634722,288.54463761580456,15.939717130722638,37.87179122424481,56.04011717582223
S2,manipulate_drawer_open,0.07,544.6946247723356,-180.89208943284132,291.49637267861794,540.2982541801839,-181.5960136498141,288.30107770655894,15.968328713904585,38.45037353466987,56.024227151028526
S2,manipulate_drawer_open,0.08,543.3539406120303,-180.11986210533803,291.03182979310856,538.819670568632,-181.22980008897008,288.06954987739783,16.097070714762367,39.25139725356772,56.305100668462195
S2,manipulate_drawer_open,0.09,541.9597394005327,-178.92715621643538,290.9271335727643,537.3113969481893,-180.95390534784948,287.9023109961177,15.99851525624258,40.31796454469749,56.65393167744372
S2,manipulate_drawer_open,0.1,540.362183778376,-178.71555862253393,291.0183339173942,535.8035976489748,-180.80125478203735,287.7843303653101,15.513692041913163,41.1165380575401,57.23581951105464
S2,manipulate_drawer_open,0.11,538.7599972095356,-179.77729036015222,291.228980918342,534.3076728027675,-180.75492640831212,287.72100901090477,15.379618943644022,41.66286187808022,57.64264447228411
S2,manipulate_drawer_open,0.12,537.3592736558295,-180.46918465978166,291.31168350686994,532.7866864584406,-180.72996091348483,287.66672487247035,15.88237703547639,42.376361295305,57.784056802793
S2,manipulate_drawer_open,0.13,535.978475134506,-180.61718095220795,291.5262727720667,531.2010688701307,-180.6946335686795,287.688658678029,16.376894280411886,43.24629009703356,57.963222163463094
S2,manipulate_drawer_open,0.14,534.4860644134417,-181.0731442453784,291.66378562596753,529.5573079884277,-180.6343862159178,287.7207649820795,17.23166650042101,43.857958146776035,58.405661573001495
S2,manipulate_drawer_open,0.15,532.8139097879348,-180.62105401881036,291.851180070428,527.8996706552331,-180.55525047830685,287.7128654088089,17.4164386909825,44.57907958215801,58.626752298196216
S2,manipulate_drawer_open,0.16,531.0250547624071,-180.29351755816867,291.97834846388,526.2240498827242,-180.52920063799624,287.7069483334572,17.22969440662917,45.19821301223972,58.844007523060625
S2,manipulate_drawer_open,0.17,529.2352913578536,-180.41258370858225,292.0201575341133,524.5207953577292,-180.49333146844893,287.72580142720733,17.396692466602232,45.66438928576464,59.24332169752959
S2,manipulate_drawer_open,0.18,527.5196395344266,-180.5229121039042,291.8804455058015,522.823625759233,-180.4209108444674,287.72302622390873,17.653739318579916,45.926323857435584,59.621833946055204
S2,manipulate_drawer_open,0.19,525.836508506572,-180.31810141327196,291.60051389938167,521.1560129156586,-180.29978067259563,287.7048768913999,17.367459890805712,45.83163781231984,59.74365760623947
S2,manipulate_drawer_open,0.2,524.1868100283275,-180.28948162012256,291.52426269385364,519.5072829829734,-180.17729569906746,287.74552524922126,17.185093458452066,45.65756624791269,59.870901671140935
S2,manipulate_drawer_open,0.21,522.5895762506133,-180.10216419194998,291.5057159010858,517.8673901181007,-180.063563099561,287.8811045505861,17.055878697500706,45.06417548767545,60.052973075851014
S2,manipulate_drawer_open,0.22,520.9999213100059,-179.801027121963,291.52325013353277,516.2764133898919,-179.87117752275904,288.08589183778037,16.93290144860515,43.813090663874185,60.19086430188303
S2,manipulate_drawer_open,0.23,520.0380523212792,-179.28341019110565,291.4691455755941,514.6748665131439,-179.6597129394491,288.2610623085598,17.023352038590815,42.78087607405786,60.9624661226391
S2,manipulate_drawer_open,0.24,518.6182760984343,-178.78051968945937,291.43987524658627,513.0294331479556,-179.45448164839343,288.43836803687344,17.24107930275381,41.46420696098474,61.41993145703884
S2,manipulate_drawer_open,0.25,516.9554508210333,-178.66055346378585,291.4339810983002,511.3516994544365,-179.29084177492862,288.633463628333,17.600578838072344,40.376476181515464,61.710837507487895
S2,manipulate_drawer_open,0.26,515.2110974841466,-178.5394674440713,291.54188065979605,509.65540855164795,-179.15123878801066,288.8548263346987,17.92266480962749,39.80182653612652,61.845860053980154
S2,manipulate_drawer_open,0.27,513.5306806434465,-178.47954518987945,291.9782864794129,507.95365003849844,-179.0349955254918,289.06632303681397,18.166105840316924,40.05260822359729,62.232513645564666
S2,manipulate_drawer_open,0.28,512.0627292774686,-178.57477169963573,292.6523594012889,506.26352307969677,-178.9734280338013,289.30210904785025,17.80959210740174,40.9197111730189,63.00742079167237
S2,manipulate_drawer_open,0.29,510.83191036792954,-178.77566383504626,293.3782528373241,504.5880059823055,-178.97869908885207,289.5336148270724,17.032026514142075,42.01706637630646,64.0691398041422
S2,manipulate_drawer_open,0.3,509.1030014517616,-178.6087584132622,293.6380070183061,502.9325938181411,-178.9768113138757,289.6751209662191,17.08235159072025,42.49428902942368,64.42184405305626
S2,manipulate_drawer_open,0.31,507.347153136939,-178.34303934849646,293.64212048905796,501.2905854126644,-178.97129097260338,289.75958141893847,17.405678068668816,42.94456700916914,64.63433256199419
S2,manipulate_drawer_open,0.32,505.6208975839338,-178.01408538732147,293.69286378728395,499.63649880553163,-178.97387059001494,289.79748278436495,17.62864934058209,43.53224530067502,64.9054198186918
S2,manipulate_drawer_open,0.33,503.8944402325676,-178.03198140581145,293.7205910307161,497.9458506241625,-178.97618029971395,289.7877310362037,17.889447699811296,44.13156399145802,65.23893250107302
S2,manipulate_drawer_open,0.34,502.17221663638315,-178.41474646159577,293.63988622383386,496.238809513773,-179.05574953615468,289.75698982945585,18.22956914526896,44.591370267298544,65.44431629006459
S2,manipulate_drawer_open,0.35000000000000003,500.4572299406393,-178.43581248620526,293.67325134667,494.5429395851264,-179.1745127080174,289.7003502337874,18.351995946634744,45.12762665889383,65.30812120996951
S2,manipulate_drawer_open,0.36,498.7461341346225,-177.59583166045212,293.90191042637207,492.86119070842926,-179.30840036421733,289.6621158970081,19.468617302906928,45.904820988847845,64.87103930950464
S2,manipulate_drawer_open,0.37,497.0323841400634,-177.28806963884915,293.8481318478815,491.1766625747825,-179.43787389104676,289.64400995288867,20.382160552823688,46.48526062754022,64.47789671005098
S2,manipulate_drawer_open,0.38,495.3088025369369,-177.28963564716952,293.78912315415596,489.4815475988943,-179.54792204489615,289.6463145777067,20.9534527071745,47.06435795703363,64.4082920584726
S2,manipulate_drawer_open,0.39,493.5719700793277,-177.7056848181873,293.7690095421714,487.7947955774055,-179.63998741825088,289.6974458435598,21.3368353977123,47.546817223055236,64.41359670298068
S2,manipulate_drawer_open,0.4,491.82690652369433,-177.98207907696718,293.8195747548913,486.12504360547433,-179.72875804341666,289.77686447360924,21.718984015696762,48.059274492600316,64.38123174403
S2,manipulate_drawer_open,0.41000000000000003,490.0731078690769,-178.2172584053135,294.15162417925706,484.46491414413407,-179.79442708647898,289.83461313172575,21.705269270094735,48.73330306513736,64.5328306194174
S2,manipulate_drawer_open,0.42,488.3014470457313,-178.48050098866327,294.8645400853279,482.7992142624551,-179.87767900073578,289.87508983262285,21.795053706184163,49.636336167653155,64.92073104855253
S2,manipulate_drawer_open,0.43,486.52170089356787,-178.81071245475687,295.40637595046996,481.1320049329841,-179.97176714650868,289.88467000059086,21.878147310717477,50.436811299074094,65.33062984411609
S2,manipulate_drawer_open,0.44,484.7661801996454,-179.43627738092403,295.81991268680883,479.4645496181969,-180.04654388747028,289.8665415911789,22.015749817231622,51.08328075699589,65.78425182616114
S2,manipulate_drawer_open,0.45,483.0239365753562,-180.02549808346453,296.02027586967927,477.79329920845896,-180.07607103128964,289.8447528535454,21.999907769028717,51.51200576818975,66.07257007482174
S2,manipulate_drawer_open,0.46,481.20499415747673,-180.71690965076328,295.9413538584521,476.1451365428331,-180.056215690813,289.8638946660844,21.733030005018456,51.59076989933839,66.12081913901125
S2,manipulate_drawer_open,0.47000000000000003,479.54561067620864,-181.59119985483477,295.96799049161484,474.503575491796,-180.07488486655674,289.89953355318096,21.279793612893364,51.7683694074495,66.61484377145446
S2,manipulate_drawer_open,0.48,477.9092816997701,-181.99571790608496,295.74905022136534,472.88902057484006,-180.13648702981223,289.94496632787724,21.13351780421516,51.82147602100834,67.04135918771408
S2,manipulate_drawer_open,0.49,476.2461927742215,-181.86214423038115,295.8083768099922,471.2652772276623,-180.22517912647973,289.9983338983427,21.065679976655353,52.01202894690177,67.44327409461667
S2,manipulate_drawer_open,0.5,474.57952298276757,-181.61993070717273,296.48009182974874,469.63459162753935,-180.30314043159737,290.10532531608555,20.816681361716874,52.570360251413724,68.0410647819415
S2,manipulate_drawer_open,0.51,472.8949966838835,-181.56499161057326,296.7227400713091,467.9888294242168,-180.36354023633825,290.22074850004304,20.734941030018348,52.891137420584066,68.4750340214291
S2,manipulate_drawer_open,0.52,471.20731676210346,-181.62059457647973,296.2939684900808,466.3317355988901,-180.44403264128303,290.33071193178165,21.042914837225247,52.84455292419196,68.6284915042636
S2,manipulate_drawer_open,0.53,469.5092825941798,-181.8940883914858,295.86215802078857,464.65776618513195,-180.50707195028843,290.4302611258852,21.525140004847326,52.73467963077075,68.79878149121646
S2,manipulate_drawer_open,0.54,467.8141616017466,-182.22301779863614,296.02482191662517,462.94685373100987,-180.57515324495662,290.45774429461994,21.59654010060605,52.9290533951208,68.94083281519667
S2,manipulate_drawer_open,0.55,466.0907862776273,-182.47859242816702,296.00101820264433,461.2277128800805,-180.65211447227733,290.4581250877226,21.574409397831726,53.08554015595498,68.77541153371705
S2,manipulate_drawer_open,0.56,464.3583601621298,-182.7148089441994,295.9132357324138,459.5281141691154,-180.7715595934648,290.49794411405037,21.671821108317562,53.27346640554184,68.44477901478297
S2,manipulate_drawer_open,0.5700000000000001,462.6263444273212,-182.97281897355504,295.8254396772582,457.85628348226487,-180.93643273207178,290.55397236797944,21.848987731150473,53.54192417106805,68.03908759274468
S2,manipulate_drawer_open,0.58,460.9057392311896,-183.18768738464718,295.7439427386555,456.17661981283266,-181.1515993405397,290.5934951286892,21.92818678164906,53.89700851237289,67.63960886192916
S2,manipulate_drawer_open,0.59,459.2017654728651,-184.17791688040938,295.7607950321356,454.49337356933376,-181.3831670682159,290.5781375286812,21.68268627634812,54.203011719341724,67.4029041736825
S2,manipulate_drawer_open,0.6,457.485850233145,-184.47619293485445,295.91798315483373,452.82540257410346,-181.64241183088268,290.5447918385933,21.696266612894895,54.739120591889964,67.43288851693899
S2,manipulate_drawer_open,0.61,455.7712373509374,-184.52783340025132,296.42967425454117,451.1833299360252,-181.91906534036625,290.54214398830925,21.96870650000804,55.49596356347604,67.61892284400271
S2,manipulate_drawer_open,0.62,453.99679989291747,-184.54124904842882,297.22636378653397,449.5670334561451,-182.18608736949668,290.5548694579128,22.427005757007294,56.29694898099752,67.76566684659508
S2,manipulate_drawer_open,0.63,452.19949942530036,-184.554981678874,296.5342531164758,447.9547922437899,-182.4331026994494,290.55497109096876,23.27152359617034,56.27994516891943,66.9319448572881
S2,manipulate_drawer_open,0.64,450.3997661478212,-184.54824831696203,296.21679367437594,446.3852397436976,-182.61893623631238,290.57167554177926,23.724383563603595,56.50100124186616,66.47857606051433
S2,manipulate_drawer_open,0.65,448.60315866872975,-184.67554234048248,296.054211691807,444.81427448077415,-182.80415156269075,290.5877057452881,24.0635376571213,56.78032162207682,65.37087821312863
S2,manipulate_drawer_open,0.66,446.8121418512392,-184.76426016463282,295.8979807312589,443.148250252798,-182.96172061619322,290.58070819346415,24.65353566964532,57.06143381812027,65.29663861959502
S2,manipulate_drawer_open,0.67,445.04463136161155,-184.91239884466046,295.77098088606317,441.4667876157692,-183.0973108634632,290.5886872547068,25.549095349837888,57.37061816501383,65.18514706901517
S2,manipulate_drawer_open,0.68,443.3148117478754,-184.62298390857296,295.6876548834479,439.78021261069676,-183.22901086168275,290.60502314807405,25.67225903956725,57.77639684334439,65.02477435373504
S2,manipulate_drawer_open,0.6900000000000001,441.64635549343984,-184.41344124875306,295.559792232734,438.10745939212245,-183.32691777383735,290.6073692374135,26.19099890567428,58.16001748678194,64.7576379688972
S2,manipulate_drawer_open,0.7000000000000001,439.96374668843157,-183.88643893090722,295.4218515117748,436.4569692878021,-183.37030919617385,290.6238725361388,27.060878241053643,58.45165139062632,64.36407489391088
S2,manipulate_drawer_open,0.71,438.2318216858213,-183.3201797610578,295.2779354174022,434.83023139816373,-183.38569322317485,290.64420808257,27.88753637075258,58.581385137630896,63.80332174729405
S2,manipulate_drawer_open,0.72,436.4971858003622,-183.18502895331275,295.2352467963432,433.2338500527528,-183.40422060733422,290.6265941121284,28.10701541135856,58.410806607605764,62.97196630270129
S2,manipulate_drawer_open,0.73,434.7205823419652,-183.2644926579456,295.3229386498952,431.62187864202446,-183.39732180984853,290.6118206145095,27.838544269635843,57.96003735512886,62.83053485679721
S2,manipulate_drawer_open,0.74,432.95620971250116,-183.31143524790684,295.3404130355553,430.01383161453634,-183.40268241625094,290.6017594579806,27.303537989427518,57.6198846180397,62.798642057119594
S2,manipulate_drawer_open,0.75,431.2419264356245,-183.29164679353065,295.1768180763469,428.41664426803425,-183.45690134642106,290.61095501044815,27.30966307208582,57.18906677567474,62.76981514458844
S2,manipulate_drawer_open,0.76,429.5689219342853,-183.16869204222388,295.09312454744867,426.8312317903498,-183.5438894587336,290.63548094754043,27.264026016291112,57.131518766487815,62.8492558402626
S2,manipulate_drawer_open,0.77,427.98188898330466,-182.36427712191738,295.11850631434027,425.256963080294,-183.6659503603041,290.70373521151424,27.105512258789105,57.70988303122766,62.92031085586832
S2,manipulate_drawer_open,0.78,426.4966130886837,-181.7621298403958,295.1254190575231,423.7006342846175,-183.84149987370853,290.7511657390648,25.99966434089596,58.62594589040082,63.09413125969002
S2,manipulate_drawer_open,0.79,424.9894936852106,-181.8237881500392,295.03065249324357,422.1622108714398,-184.05381384863915,290.8018835875355,25.51230388509762,59.20686972357874,63.366248208371296
S2,manipulate_drawer_open,0.8,423.4033322862491,-182.09727003733786,295.0464605843657,420.6728082840711,-184.3202669750599,290.90108512689727,25.28563962838814,59.61621301297757,63.65368549986321
S2,manipulate_drawer_open,0.81,421.74884906463313,-182.52540194884352,295.89593823559153,419.1799434954798,-184.66167148762443,291.0451955543348,25.100929819178756,60.225625604922264,64.29728924750621
S2,manipulate_drawer_open,0.8200000000000001,420.09289349348467,-182.95924322020878,295.9309528592155,417.6849819480177,-185.021432809797,291.2230400875452,24.893719162610715,60.23996246043661,64.48080774238579
S2,manipulate_drawer_open,0.8300000000000001,418.4476214410429,-183.21131797426355,295.9373103852379,416.1499767182573,-185.3138596576682,291.33950024111107,24.996499513945253,60.205865329889576,64.66147368998574
S2,manipulate_drawer_open,0.84,416.7947966673516,-183.07871467908157,295.8925002414482,414.57396637122815,-185.54956001667193,291.45665188402677,25.010498752456215,59.95702075048592,64.66034183564557
S2,manipulate_drawer_open,0.85,415.1269307470174,-182.67928212846778,295.9211835137109,412.96607353626536,-185.67345408329382,291.5519531743274,24.969305824889332,59.34460608698349,64.36290316456638
S2,manipulate_drawer_open,0.86,413.4665868736703,-182.3627960616485,295.6271962777145,411.44127085179474,-185.7265420774901,291.642755729389,24.652530749004853,58.04169341796761,64.17475978254637
S2,manipulate_drawer_open,0.87,411.81700132668436,-182.22804736064947,295.32624067359734,409.963433584373,-185.6973841248393,291.69524415479685,24.43614056537358,56.422595356067575,64.13758229637975
S2,manipulate_drawer_open,0.88,410.17206198346855,-182.1219568478075,295.20741977526603,408.47843360207975,-185.56351969114039,291.68313448895526,24.40716526778959,54.63442375332462,64.21834305154128
S2,manipulate_drawer_open,0.89,408.54256097749885,-181.8508217671607,295.53166463311857,407.0217869617613,-185.2975125362073,291.6478582497275,24.657322810005418,53.00360713488575,64.55186409421053
S2,manipulate_drawer_open,0.9,406.91089347882803,-181.74562377091095,296.19840201975256,405.7471992192962,-184.860323506953,291.63838598019396,24.95137314585184,51.812704566528986,65.08690915703988
S2,manipulate_drawer_open,0.91,405.28810088862963,-181.32768621349643,296.40237894842085,404.51599614701234,-184.4991846354934,291.631680713172,24.715217811486937,51.239313190841955,65.32318636886643
S2,manipulate_drawer_open,0.92,403.664101223535,-180.62628886135622,296.5329696545741,403.27852378456043,-184.16885091931252,291.6470308574464,24.03591009640958,51.63411469335662,65.45269597760088
S2,manipulate_drawer_open,0.93,402.1743552098186,-179.92341744843307,296.5699057693589,401.9410971051799,-183.90175002561608,291.6594333425395,23.91312498446919,52.35172859789708,65.51576104906158
S2,manipulate_drawer_open,0.9400000000000001,401.6654419829736,-179.28156378861337,295.859090795179,400.6656998148203,-183.75816453167292,291.7201880320752,23.85305453437424,53.547791623547745,66.03092723303814
S2,manipulate_drawer_open,0.9500000000000001,401.2315990339957,-179.61435121764998,295.90351371321117,399.4838126049768,-183.65829278801124,291.9515185737616,24.400409407037493,55.03257836713623,66.84011176192668
S2,manipulate_drawer_open,0.96,400.97067803493627,-180.57580136436866,295.47726705947304,398.46485799271494,-183.63566672256405,292.13422296708205,25.572040472274146,56.298526000322184,67.21487383757352
S2,manipulate_drawer_open,0.97,400.22342190701534,-181.14680046367639,295.1928848784719,397.9432281045611,-183.46807093102197,292.27383508968495,25.660519910339858,56.48125057990522,67.10486290376674
S2,manipulate_drawer_open,0.98,400.8849101057002,-180.58201175823757,296.7453310032206,397.76784707599353,-183.15817874669207,292.55674281611755,26.08195278553308,58.989764972191644,68.97289032626837
S2,manipulate_drawer_open,0.99,400.80648533670853,-179.48003045737502,297.77079528968187,397.6067247486813,-182.7133255368212,292.9168497302116,25.858032220173136,60.61835039924606,69.06834089954967
S2,manipulate_drawer_open,1.0,400.80418395996094,-179.9756317138672,298.0476837158203,397.3780161539714,-182.24178009033204,293.1532786051432,25.774065100644492,61.58208621383166,69.04195869173141
S3,approach_blue_block_on_black_table,0.0,400.80418395996094,-179.9756317138672,298.0476837158203,397.3780161539714,-182.24178009033204,293.1532786051432,25.774065100644492,61.58208621383166,69.04195869173141
S3,approach_blue_block_on_black_table,0.01,400.8061373872765,-178.75202916018435,299.86055956137074,396.1243124289413,-180.52678146866975,295.71504045437257,25.52336047870623,61.99117048403713,66.32351173091175
S3,approach_blue_block_on_black_table,0.02,399.2752237223974,-178.13144178152362,304.08085222190357,395.18372572401483,-179.48689556815705,299.8324846820105,25.418063087298826,63.201708300136545,65.00974510142953
S3,approach_blue_block_on_black_table,0.03,398.4340749967139,-177.2206311908517,308.3724143203079,394.3931437063356,-178.4139725981704,304.13563512649745,24.723369792915925,62.199794262519866,65.04647183587169
S3,approach_blue_block_on_black_table,0.04,398.0566864349404,-175.58705585407438,312.62195817327694,393.6474002095348,-177.49185502302026,308.5807334271292,25.06328678153727,60.03213329736068,66.53756113928108
S3,approach_blue_block_on_black_table,0.05,397.35099779782377,-174.5332918473656,317.0091719137521,392.88063188899525,-176.75481228465273,313.084002462165,25.233723436287413,57.95900947355434,67.91027237830802
S3,approach_blue_block_on_black_table,0.06,396.8594504196235,-173.94213277386802,321.25642718145735,392.0661421292824,-176.01924799928537,317.5925235959634,25.128085734532178,56.00796542342283,69.02719328666588
S3,approach_blue_block_on_black_table,0.07,396.1395682063578,-172.96415924571295,325.31875879925394,391.25589879247246,-175.30996598193178,322.09495101625004,25.75386949825151,52.93429040017525,69.5079264774756
S3,approach_blue_block_on_black_table,0.08,395.0832795306771,-171.8486573063575,329.30704704871596,390.482800692797,-174.58013215802194,326.59961076890625,26.172246917679992,49.280688766946135,69.30403552975817
S3,approach_blue_block_on_black_table,0.09,393.68230630990286,-170.9079827317897,333.5234940933043,389.72908510964976,-173.8417355369544,331.1056749864972,27.26560272725417,48.06698767115967,68.73785350457341
S3,approach_blue_block_on_black_table,0.1,391.96835966691174,-170.23504328715904,338.4707851723636,388.96845561705373,-173.1157295860244,335.61316688244614,28.608091157930772,49.10292116153916,68.10888541669341
S3,approach_blue_block_on_black_table,0.11,389.90758416906453,-169.71470721707183,342.75404501456114,388.1581711814681,-172.4545559672878,340.1072024514679,28.909890109426673,50.233103122212725,66.94419683278413
S3,approach_blue_block_on_black_table,0.12,388.6076579861859,-169.30512240105026,347.07153308367486,387.2999880584519,-171.80332156016271,344.5978762969024,29.339797346559195,50.970076685470325,66.60016446172442
S3,approach_blue_block_on_black_table,0.13,387.2047856917486,-168.85097881264224,351.4220475897697,386.4070770261271,-171.1377555250941,349.118299030288,28.867783888715397,51.845046811805176,66.31501473016118
S3,approach_blue_block_on_black_table,0.14,386.3433429968251,-167.83246787654792,355.78787354897173,385.49781347896686,-170.50566421081612,353.6493206332055,27.38333339544644,52.78609820462371,66.6351573687459
S3,approach_blue_block_on_black_table,0.15,385.6472854933098,-166.70181869925665,360.13095378682357,384.5542655270221,-169.90728439687248,358.18410487195615,26.166932552915366,53.65907135855138,67.10812997285419
S3,approach_blue_block_on_black_table,0.16,384.83231046914295,-165.51965993100717,364.56643142355824,383.57942600272906,-169.30476049526584,362.71051247018113,26.6667833051379,54.56774258965181,67.66269802145717
S3,approach_blue_block_on_black_table,0.17,384.0018526425796,-166.17107179802753,368.9735772758881,382.5820360280221,-168.6912449359193,367.214862310414,28.011066861913584,54.33523942226427,67.86014275238583
S3,approach_blue_block_on_black_table,0.18,383.1727043350004,-166.06791333565752,373.3840402372332,381.5892496316829,-168.05396371359183,371.70372133762226,29.455938783472348,54.643115066512934,68.30614385087775
S3,approach_blue_block_on_black_table,0.19,382.1273299503364,-164.65785446096078,377.7932964863376,380.57299798607545,-167.363728409378,376.1828156147732,30.83317840927124,55.86693200141977,68.81360816602022
S3,approach_blue_block_on_black_table,0.2,380.24278389971937,-163.0445016938697,382.17584383459973,379.5566394235024,-166.55654719373447,380.621046199921,32.006340687996186,57.72872471443862,68.5186166801915
S3,approach_blue_block_on_black_table,0.21,378.9388909435404,-161.2724138060313,386.53973529822076,378.5691454274271,-165.58406637082078,385.0344803376171,33.62452772158025,59.43471859850633,68.17957814789126
S3,approach_blue_block_on_black_table,0.22,379.4881340077646,-159.497011268854,390.8844236484682,377.5814637051698,-164.46921828389756,389.4174477212371,35.63183216135326,60.09823253219194,69.02374099768451
S3,approach_blue_block_on_black_table,0.23,380.4428604606499,-157.7103901329359,395.2078660048489,376.5382420397514,-163.23806520017337,393.7706733437457,36.508067879824,60.43228268452672,70.3112418956979
S3,approach_blue_block_on_black_table,0.24,380.2937585384768,-156.24260909456746,399.5090293836515,375.4534315622972,-161.89522132340062,398.0856937064418,35.437605294602974,61.160779880800504,70.69686423379227
S3,approach_blue_block_on_black_table,0.25,379.98849834175394,-155.54306819886943,403.89120257495495,374.308226402375,-160.48840604970613,402.3643780458091,34.74227535081169,61.43237371005324,71.00513337407249
S3,approach_blue_block_on_black_table,0.26,379.4612718794044,-155.6003949002431,408.72292250388034,373.0884187332836,-159.02573546803785,406.59019885271266,35.378790739565176,61.39082699453827,71.42131756350712
S3,approach_blue_block_on_black_table,0.27,378.7364217547271,-155.59761987067964,413.5445102661695,371.84139729120693,-157.49124027677811,410.7736449266698,36.019092832393994,61.476262785694175,72.03475252835135
S3,approach_blue_block_on_black_table,0.28,376.9128635975163,-155.19325748059893,418.2272118637252,370.6312315901078,-155.87884067605725,414.95882860792295,36.20350314047289,62.41595559836074,71.92894560839099
S3,approach_blue_block_on_black_table,0.29,375.85708636149593,-154.69898450368606,422.7043635635886,369.46995987103907,-154.19859573009904,419.12472710763745,35.80574894553092,62.795433761907915,72.42758130718545
S3,approach_blue_block_on_black_table,0.3,374.32311699441664,-153.71792386706642,426.85932351416557,368.32903650772266,-152.34909928682166,423.2077534171324,35.39444517315786,63.53272404499682,72.2845267786451
S3,approach_blue_block_on_black_table,0.31,371.3379010135983,-151.92212227709672,430.7240957396331,367.1553543474802,-150.31761181966056,427.17632345909016,35.45037318200076,64.81367850934626,71.08721728752477
S3,approach_blue_block_on_black_table,0.32,368.3049152972193,-148.42713666731728,434.5374411074361,365.92322452877943,-148.11909157219083,431.02197188509206,36.008877341375936,63.701211422172406,71.49475264845809
S3,approach_blue_block_on_black_table,0.33,365.2280866330706,-144.43269899938105,438.32114489540413,364.64362893902916,-145.76970130795456,434.74034066074836,35.7156427783645,62.617068179252044,71.82883888953918
S3,approach_blue_block_on_black_table,0.34,364.26287017713196,-140.3454486589907,442.08572294482445,363.315763248527,-143.2164401261945,438.265702561622,35.97596758135394,62.73192740266881,72.53770753395082
S3,approach_blue_block_on_black_table,0.35000000000000003,364.0712540414127,-136.3002896729932,445.7522374082149,362.045309896151,-140.49757425913856,441.7059660283996,35.83562050308878,63.430042238609396,73.19938887026025
S3,approach_blue_block_on_black_table,0.36,364.07727194908375,-133.26615231552148,448.94619182976214,360.86230416472574,-137.5931812231808,444.99264145211504,35.7321961553747,63.95602512145094,73.3399350943517
S3,approach_blue_block_on_black_table,0.37,364.07437418967277,-130.32070520162688,451.48677218159895,359.7453872712484,-134.56310869299546,448.1959642776891,35.985026126511414,64.06663423136202,73.30247472419505
S3,approach_blue_block_on_black_table,0.38,363.8556720162917,-127.35969528795039,453.9133393765316,358.65339089367296,-131.40736215264332,451.310838547308,36.914195535885,64.05108927869918,73.18295201853113
S3,approach_blue_block_on_black_table,0.39,363.2379429846119,-124.46497697675875,456.2662299265521,357.57484125704923,-128.22751119682314,454.39572388158183,37.5619540544148,63.84655020233413,72.85911537449442
S3,approach_blue_block_on_black_table,0.4,362.2772925221284,-121.55913121679157,459.21085538386933,356.5724759947692,-125.04192939968334,457.2169726048922,36.90505533810426,63.821789014760775,72.52055337472481
S3,approach_blue_block_on_black_table,0.41000000000000003,361.1399770952607,-118.60780333797676,461.9270933186912,355.5552449161857,-121.82926752698025,459.76602943351486,36.36605530733128,63.52216811723389,72.10160169961738
S3,approach_blue_block_on_black_table,0.42,359.1484256259606,-115.48204908581926,464.00989400088747,354.48690300038015,-118.50856438758223,462.17220031079194,36.06177758800089,62.10072564409243,71.55094865050408
S3,approach_blue_block_on_black_table,0.43,356.6338847247075,-112.52590760441245,465.8411524102538,353.35269015673947,-114.98785835035181,464.43053202338945,35.059897159057115,61.22924448235346,70.79255804590116
S3,approach_blue_block_on_black_table,0.44,355.58114372605996,-109.02632447055757,467.42238836829256,352.1949790530717,-111.39782509380215,466.5570651826457,34.72013803369859,61.93934206812855,69.2402602134196
S3,approach_blue_block_on_black_table,0.45,354.8355434480352,-104.98225728962073,469.44416265355517,350.9805411754027,-107.75623874127324,468.56551781936525,33.97321966214959,63.268949710586725,67.98746668353654
S3,approach_blue_block_on_black_table,0.46,354.234253949517,-100.84509203885993,471.65483746745497,349.72515178305713,-103.98874135211089,470.3594916051585,33.42575324762977,63.99996922194385,67.71170621790112
S3,approach_blue_block_on_black_table,0.47000000000000003,353.7003742583843,-97.5938084965006,472.36494243961647,348.58760619269793,-99.97752573044052,471.8029882674083,33.877465858433204,63.18189787344332,68.05390790515439
S3,approach_blue_block_on_black_table,0.48,353.28614468268495,-94.70248119102214,472.23385377311297,347.64392257403404,-95.86114623431156,473.000205219009,34.97252850864388,62.51882568762004,67.97772774916218
S3,approach_blue_block_on_black_table,0.49,353.7870206074342,-91.31670908820111,472.836985144135,346.8353151234334,-91.64788557372754,474.09200422918184,36.59346872504065,63.16486548416728,67.93905291409764
S3,approach_blue_block_on_black_table,0.5,354.19459729545855,-86.93134964847172,473.88150457546965,346.0662268464321,-87.34841403943315,475.0025898646229,37.31025105997911,63.95626857673898,67.30640330788165
S3,approach_blue_block_on_black_table,0.51,354.13359777440644,-82.48603664681539,474.84453112587005,345.30277749315644,-82.98082552881183,475.71606799941253,38.147883762208366,64.46246757507082,66.82667767204593
S3,approach_blue_block_on_black_table,0.52,353.4924742993437,-78.03121729594872,475.88224775199194,344.5441684313733,-78.56597711045346,476.2890499126788,38.51546448015995,64.46074142663464,66.29469432424096
S3,approach_blue_block_on_black_table,0.53,352.5559619357474,-73.61345946759089,476.36252345210914,343.8073054485245,-74.11597507359332,476.6255281259816,38.065087763351904,64.02622798242918,65.67975492799617
S3,approach_blue_block_on_black_table,0.54,351.864241861702,-69.2091491684869,476.7701545832771,343.1501035579449,-69.62452210467526,476.66514261561946,37.27581966358162,63.92150096184749,65.94340747271654
S3,approach_blue_block_on_black_table,0.55,351.43590431397865,-64.36699787787008,477.02249404996076,342.6272071997701,-65.12749855456038,476.4680646391265,36.388114856520275,64.94535759425995,67.49637085726415
S3,approach_blue_block_on_black_table,0.56,351.18328985255476,-59.21028276810068,476.7632517706613,342.15182516132995,-60.61508955829903,476.06816774373806,35.789194225253,66.52859562726637,67.66767908764524
S3,approach_blue_block_on_black_table,0.5700000000000001,350.60431931703533,-53.965045473975565,475.95583796162964,341.7231061263646,-56.13173268948159,475.4519438492483,35.83637390225445,65.83815464100869,69.30893148996797
S3,approach_blue_block_on_black_table,0.58,349.97797294781685,-48.716248736961866,474.8984646685885,341.2562001341075,-51.70422056778187,474.70485905696916,36.147782646043424,65.98747120207277,71.0711305711995
S3,approach_blue_block_on_black_table,0.59,349.3297771439185,-43.69088666902335,473.7264908216989,340.67740015643085,-47.44990163492107,473.88310125453813,36.58208942230546,66.07217880412149,72.61005243427712
S3,approach_blue_block_on_black_table,0.6,347.6459115921772,-39.21447502738615,473.4635281741017,340.28299056003357,-43.356941887088546,472.7067053026455,36.535746348741114,65.14290592179488,73.74655080822389
S3,approach_blue_block_on_black_table,0.61,346.05382032917794,-34.986215814083266,472.85561882510734,339.9094429937581,-39.45190307334821,471.25043355881195,37.32081030131764,64.07366333207689,74.34263964126013
S3,approach_blue_block_on_black_table,0.62,345.131942362671,-30.596990396287854,472.09696891521446,339.57816727774394,-35.628098740681224,469.88312486691785,37.969088567060666,63.36584891029261,74.47058075546076
S3,approach_blue_block_on_black_table,0.63,344.9135559240011,-26.289184427127807,471.15897260790734,339.3856642656803,-31.818312604016292,468.41184876396164,36.8296561184232,64.46389470306087,73.88819006628864
S3,approach_blue_block_on_black_table,0.64,345.1214543816787,-22.327746224101567,469.70467033055786,339.2561455378828,-28.07631974611478,466.8281143714147,35.61763707806311,68.56394758331251,72.38744239046225
S3,approach_blue_block_on_black_table,0.65,345.9293077656696,-19.161396756724837,467.5932366798414,339.0785306741539,-24.345184144855487,465.03870928311346,35.14054961238541,70.10404630766068,71.93720486714003
S3,approach_blue_block_on_black_table,0.66,347.1443534314096,-15.829772354230755,465.60743805674826,339.0796920536089,-20.5695361160315,463.05034667110715,33.2287099151889,68.38248416937377,71.83741399154371
S3,approach_blue_block_on_black_table,0.67,348.23206550097655,-12.669247013901291,464.1557613023432,339.02820010400603,-16.696227718431743,461.0864142613396,33.03880898462039,66.71383619909747,71.34382735728022
S3,approach_blue_block_on_black_table,0.68,349.28736032727,-9.239113290508898,461.8007611041753,339.08737155170354,-12.884955481605964,458.9389959046163,33.81930448582869,65.08024770051472,70.4093884039656
S3,approach_blue_block_on_black_table,0.6900000000000001,350.43232085058446,-6.615892273237715,459.45470826415317,339.33054351232994,-9.34353810014102,456.34270059836336,34.11883674148028,65.67918253564501,69.33521023728713
S3,approach_blue_block_on_black_table,0.7000000000000001,351.67872874736605,-5.2467472469131735,456.6037659028102,339.7524558604188,-6.290459926590972,453.29121782468434,32.90641179651118,65.85541713238521,69.7494124077467
S3,approach_blue_block_on_black_table,0.71,352.6371220371652,-3.303108880462679,454.0184155188131,340.2120352699034,-3.4552815385417386,449.9195863042917,32.14199450907792,68.17432168568835,69.63130733784848
S3,approach_blue_block_on_black_table,0.72,352.97443852195,-0.5891743761316849,451.0087175641846,340.94225403844746,-0.9249966180349565,446.3251747953065,32.65871393806108,67.94780770046232,69.32208466564907
S3,approach_blue_block_on_black_table,0.73,353.5665088101391,1.3585905541900207,446.55484229612125,341.74419201853686,1.365023571975126,442.57822973076145,31.216746955836754,65.94715845147998,69.93709657642076
S3,approach_blue_block_on_black_table,0.74,354.3865587165377,3.3583803653571547,442.8447938906985,342.6207756841358,3.4596333850742385,438.7401449737857,30.464551733634686,67.70732938026784,71.04566186726838
S3,approach_blue_block_on_black_table,0.75,355.639285644176,5.275027639975578,438.98286055974813,343.5546866230265,5.177063451054589,434.72828127934804,29.99624108824634,68.4978244475799,72.75722998023556
S3,approach_blue_block_on_black_table,0.76,357.07291588028613,7.239439353916822,434.7821800887486,344.58094299095137,6.49905415828989,430.62528538353206,29.18635263859942,69.85968779605219,73.75582139900281
S3,approach_blue_block_on_black_table,0.77,358.1576464233984,9.410484004557286,430.60063565330415,345.63446419737323,7.719178703104499,426.6304148354222,29.037668940031537,67.78281913205437,75.210082308144
S3,approach_blue_block_on_black_table,0.78,358.64025987506113,11.002623329388067,426.0745162071951,346.8494398501281,8.709047099774098,422.665948249148,28.726444314610994,66.3672544942324,76.14368938913223
S3,approach_blue_block_on_black_table,0.79,359.41949585190156,11.8579421803689,421.75298863355863,348.3023833745398,9.496439268699067,418.7417728620351,28.14348256732761,65.60014616999085,77.50157187235052
S3,approach_blue_block_on_black_table,0.8,361.6830865752105,11.471393087692963,418.6492034542332,349.8485760354924,10.21773330646923,414.9099242729337,27.2168757342993,66.91646062587675,80.68494855370646
S3,approach_blue_block_on_black_table,0.81,363.8206345769708,12.09235564233206,415.5742563444832,351.5883325712679,10.85171357974089,411.13414257056286,27.377659771468828,67.2037510304741,83.26815396915174
S3,approach_blue_block_on_black_table,0.8200000000000001,366.30594773809224,13.33470050407148,412.0413684729849,353.52335516997925,11.25541227635083,407.47033577727416,27.43655999159315,65.30681654794894,85.37624900559686
S3,approach_blue_block_on_black_table,0.8300000000000001,369.1482424653769,12.554889790704422,408.36780606810726,355.4072255896018,11.370418393255363,403.68227196497094,26.344791598948188,64.32146935737012,87.19670717519479
S3,approach_blue_block_on_black_table,0.84,372.269117740835,12.029734017241097,404.81083587496653,357.2814909807283,11.300346634983445,399.7452494566108,25.36252278017237,65.16376921251408,88.60735527522847
S3,approach_blue_block_on_black_table,0.85,374.541282140611,10.996510999994273,401.44257298006204,359.20105197001703,11.318405219972558,395.8618849350652,24.3366093982937,66.66525336769114,89.40938970928049
S3,approach_blue_block_on_black_table,0.86,375.47313064459115,10.42197533220017,398.1499378638531,361.1701512406569,11.19374110514216,392.1349919842774,24.268380618476872,67.10363462026251,89.08064291080531
S3,approach_blue_block_on_black_table,0.87,375.80325454216165,9.256889859255578,394.60168763736283,363.1159915733009,10.561092533439579,388.51394468097817,23.63523462729718,66.72276667692432,87.67358446736121
S3,approach_blue_block_on_black_table,0.88,377.2275687325615,8.42179529889642,391.385151028103,364.9923657750798,9.713332484488616,384.94086739959573,22.817535181566814,67.23379050137721,87.12777927303907
S3,approach_blue_block_on_black_table,0.89,379.5488916603126,8.728899406117904,387.78267877108726,366.8174066516969,8.958907146801426,381.23176584934885,23.164349674575384,68.14001725391302,87.11942036788597
S3,approach_blue_block_on_black_table,0.9,382.08055262569883,8.058474144376014,384.2926205375727,368.88309866448014,8.326714557011423,377.63965138279207,23.636757903928313,69.34064595942662,86.82997789592359
S3,approach_blue_block_on_black_table,0.91,382.72179858233574,6.571741918170829,380.8600381373233,371.2287662215104,7.526628027152203,374.2550725690448,24.794506093624335,68.77216649387528,84.156343410498
S3,approach_blue_block_on_black_table,0.92,384.0320543169357,5.496900931724824,377.01442833270835,373.79671340371704,6.632591162959069,370.87731397176464,25.063334910546867,67.5062881066418,82.14535439153846
S3,approach_blue_block_on_black_table,0.93,385.93252783462617,5.203125525048353,373.7346246067176,376.1453756662208,5.798182899713487,367.27742977786403,23.436404350726445,65.78438524452228,80.9029850175173
S3,approach_blue_block_on_black_table,0.9400000000000001,388.8245435769329,4.190702529768213,370.74000917432954,378.2007464282929,4.943870995301765,363.5868501986801,20.503973116584923,65.14079068456735,81.50914803636499
S3,approach_blue_block_on_black_table,0.9500000000000001,391.43085132961176,3.203390422708135,367.8536486026096,380.03535319701354,4.1809742879765315,359.79119706158986,19.337862622747572,64.84171469688351,83.213275156052
S3,approach_blue_block_on_black_table,0.96,393.41881707570246,2.917641297093806,364.00483423108085,381.90050417672535,3.9020265839182326,356.0810064491048,20.032750669687168,65.19275338758312,83.74674407514703
S3,approach_blue_block_on_black_table,0.97,395.9384056930302,2.9001055972414815,360.5698131677494,383.88600170496716,3.6909875955113987,352.7100145617202,22.03187786028881,67.85018537979394,83.11308867675855
S3,approach_blue_block_on_black_table,0.98,397.57956684392764,1.7017982836446985,356.9608561623819,385.35760001634486,2.987269332419031,349.81906544009655,22.332092017925987,66.99756798437188,80.6694904255523
S3,approach_blue_block_on_black_table,0.99,398.4454891548264,1.5435980881506373,355.1544213965699,386.34785860960966,3.1917001332496047,348.36616332184224,20.85049114047958,67.98407210543058,78.48019935045936
S3,approach_blue_block_on_black_table,1.0,398.82151794433594,2.115923762321472,356.9054260253906,385.39263509114585,3.926207361618678,350.0496124267578,21.50385473873785,68.63341220646399,81.477023160134
S4,lift_transport_and_align_blue_block_in_drawer,0.0,398.82151794433594,2.115923762321472,356.9054260253906,385.39263509114585,3.926207361618678,350.0496124267578,21.50385473873785,68.63341220646399,81.477023160134
S4,lift_transport_and_align_blue_block_in_drawer,0.01,396.8480034968153,4.255569796962417,357.309568194804,383.42176957899636,5.350576058324294,352.4618839981213,22.747261087775698,69.1121920836085,80.58766590424314
S4,lift_transport_and_align_blue_block_in_drawer,0.02,396.66317040450053,4.335051328214609,361.6327575862759,382.89771581107124,5.86435256479415,356.8912797034615,22.702865983246383,68.33402154173217,82.4124280215318
S4,lift_transport_and_align_blue_block_in_drawer,0.03,396.45330902833985,4.910281851886255,366.2489463399705,382.7354557357482,5.8649527355601645,361.7223248424488,23.60132760688669,67.45755652667805,83.72689197860275
S4,lift_transport_and_align_blue_block_in_drawer,0.04,395.97906105042546,5.459054948171508,370.8622775205642,382.7642980748741,5.514157527325663,366.60669978383044,24.36803090994896,66.14228071851234,83.62577732760982
S4,lift_transport_and_align_blue_block_in_drawer,0.05,395.8000356304815,4.633966317613125,375.31414620869884,382.87365987934413,4.9793387362685415,371.4854037738585,24.289186017214206,65.17681161921476,83.94381247698817
S4,lift_transport_and_align_blue_block_in_drawer,0.06,395.70624470947354,3.2351964559256787,380.0766086478104,383.0253175940669,4.425636515076136,376.39149904502705,24.01966677700581,64.35868352441753,84.434255585344
S4,lift_transport_and_align_blue_block_in_drawer,0.07,395.70747870844906,3.0053173836465454,384.74443533814804,383.19434536039677,3.864858234696436,381.31435583487905,23.85423285546335,63.41359945787414,84.74921590028673
S4,lift_transport_and_align_blue_block_in_drawer,0.08,395.95711872063436,2.189867106735392,389.29573523738804,383.43840422377906,3.2363673671684263,386.2264597048641,23.89881907774621,62.53768243713763,84.97753717734366
S4,lift_transport_and_align_blue_block_in_drawer,0.09,396.32428757789387,1.612853447833992,393.83257570177284,383.7336797660325,2.5987830757606196,391.1256169575603,24.092455833309,61.567016955162025,85.08494298952965
S4,lift_transport_and_align_blue_block_in_drawer,0.1,396.75555744596807,0.8872964937771437,398.5622823043451,384.0537535888508,1.9711906267059134,396.0073615316716,24.27700455994916,60.50406775492602,85.3469479678566
S4,lift_transport_and_align_blue_block_in_drawer,0.11,397.47012802954487,0.38482877900592727,403.85889707356347,384.39207378659006,1.3934841161657232,400.8735205783659,23.88214783661773,59.77204859194346,86.00140372104458
S4,lift_transport_and_align_blue_block_in_drawer,0.12,398.44257029265765,-0.006774553845849018,408.69398015943943,384.74381182762215,0.836411534501509,405.72559225578294,23.635124022316823,61.14634267429104,86.6115527622965
S4,lift_transport_and_align_blue_block_in_drawer,0.13,398.88483162712964,-0.28316408773372065,413.49562451643226,385.11862213281415,0.2607425665095605,410.56510060563727,23.83987596800157,61.893983534547644,86.7369004548009
S4,lift_transport_and_align_blue_block_in_drawer,0.14,399.3289939772458,-0.7429705780209681,418.11172601142863,385.5224160314303,-0.38465338852695424,415.39215639429204,24.24149354779767,62.47166582334716,86.88587658413184
S4,lift_transport_and_align_blue_block_in_drawer,0.15,399.7414698498599,-1.3368601329518526,422.43873493290414,385.96032128382376,-1.060036407404479,420.2231799975932,25.426895570698818,62.83836181528869,86.93574722908555
S4,lift_transport_and_align_blue_block_in_drawer,0.16,400.0227902053142,-1.974583698069495,427.3087155071331,386.4110192742685,-1.7085191902589316,425.0774410645683,25.477239247959183,63.25668551156733,87.06288589153293
S4,lift_transport_and_align_blue_block_in_drawer,0.17,400.37696244916657,-2.5098339859498093,432.2386502959622,386.8559170039829,-2.342042218421115,429.9340278288102,25.857436961061424,63.78027900425278,87.18408226392438
S4,lift_transport_and_align_blue_block_in_drawer,0.18,400.90561332070934,-3.6739656775513247,437.16750346715185,387.2936914971606,-3.0439527965962587,434.7697036771347,26.21943303172975,64.58908107295929,87.28669630037483
S4,lift_transport_and_align_blue_block_in_drawer,0.19,400.7549733419027,-4.972785388701624,442.0567055403428,387.79212558505463,-3.883121477670066,439.5529217339728,27.493347268410375,65.63247879887915,86.46767385013041
S4,lift_transport_and_align_blue_block_in_drawer,0.2,400.6808228699254,-5.997898699786944,447.3321982412056,388.403800140681,-4.849793102223812,444.26667215120756,27.71624054169365,67.22539484920605,85.66732750680006
S4,lift_transport_and_align_blue_block_in_drawer,0.21,400.7926500338235,-7.039373869083301,452.46898293387187,389.15978897490965,-5.926653243152348,448.9186037489049,28.152014057848668,68.7425987541158,84.78350140469865
S4,lift_transport_and_align_blue_block_in_drawer,0.22,401.1529604465436,-7.873162622665667,457.5001238820324,390.05883135975284,-7.082907311007223,453.50078317742543,28.479183823462872,70.10837768583066,83.94766057129969
S4,lift_transport_and_align_blue_block_in_drawer,0.23,401.7282018102092,-8.734849934607267,462.2575260121966,391.07305848108007,-8.328593730922336,457.98974657731003,28.58697460575153,71.59627317222332,83.07947151410228
S4,lift_transport_and_align_blue_block_in_drawer,0.24,402.53011797708416,-9.626354944707897,466.84822995953783,392.21507803470274,-9.705425348385534,462.3510163461232,29.24452176922678,72.4413726365587,82.70671178931137
S4,lift_transport_and_align_blue_block_in_drawer,0.25,404.47839868463547,-10.910616430766385,471.3202362656171,393.45789627896136,-11.181686926933413,466.5728330616334,29.21677967154764,72.8126262716741,84.40934156131165
S4,lift_transport_and_align_blue_block_in_drawer,0.26,405.9381457580846,-12.793876136855062,475.6208087229164,394.82878168011825,-12.749191854629885,470.7173148766573,29.75949024989084,72.73494203280828,85.68852434801049
S4,lift_transport_and_align_blue_block_in_drawer,0.27,407.8081784319163,-14.572918127473507,479.8056307156399,396.32517183463904,-14.509585841581025,474.75738533418655,30.063220869391532,73.10444466214683,87.34044086313172
S4,lift_transport_and_align_blue_block_in_drawer,0.28,409.960682841334,-16.588106509527908,483.7516901846647,397.9932657044577,-16.461839006577584,478.5778985393453,30.1394740253941,75.27288635021145,89.33027008803158
S4,lift_transport_and_align_blue_block_in_drawer,0.29,412.1694686670336,-19.674452847473532,487.18905942547747,399.8465779342884,-18.63499182602937,482.1718688299848,31.011669639063474,77.27031934926735,91.42964463815989
S4,lift_transport_and_align_blue_block_in_drawer,0.3,414.3800612854775,-22.935905607426417,489.4671879863381,401.8528332229077,-21.081253661153593,485.5073667587901,33.10016570743412,78.59981079343984,92.57286140153147
S4,lift_transport_and_align_blue_block_in_drawer,0.31,416.8762777349412,-25.97267918156901,491.7826637093151,404.01132104405065,-23.711565104382327,488.5413256910561,33.89020225790115,79.53482320578946,92.86840115489949
S4,lift_transport_and_align_blue_block_in_drawer,0.32,419.2988775139097,-29.033567402900587,494.5214492662359,406.4143430695085,-26.468650422063988,490.93949842722526,34.19347443908801,83.39601384665569,93.34054925251041
S4,lift_transport_and_align_blue_block_in_drawer,0.33,421.89722427331674,-31.444598996859913,497.93141184135334,409.24199238598845,-29.541985560235442,492.96598546684703,35.02169634417006,83.33082026348183,94.27982294384579
S4,lift_transport_and_align_blue_block_in_drawer,0.34,424.6621511176147,-33.560818790521466,499.6409475342101,412.20775492407216,-32.671948386046594,494.5290592042401,35.14020733852989,81.92019639868906,94.62583310587806
S4,lift_transport_and_align_blue_block_in_drawer,0.35000000000000003,427.55331316863186,-36.54853786898166,498.44286063662014,415.22004131227055,-35.81950090960982,495.7064127020337,35.39389498904647,80.07849342757055,93.85451087171978
S4,lift_transport_and_align_blue_block_in_drawer,0.36,430.6357179672551,-39.690953263092396,495.62395402857715,418.3153791860152,-39.043803332655635,496.5787445317488,35.80369279731641,78.3351739302293,92.97751128763241
S4,lift_transport_and_align_blue_block_in_drawer,0.37,433.77503135195576,-41.74654698619492,493.27986079295533,421.4628127631437,-42.35057225603229,497.23052565441384,38.24302016133839,76.68353030954668,92.88872623316739
S4,lift_transport_and_align_blue_block_in_drawer,0.38,436.90011380160877,-44.705304163359955,492.8738617054754,424.64393999242134,-45.74341453839659,497.63112430895114,38.85547179576844,75.92071704930736,92.6599412696371
S4,lift_transport_and_align_blue_block_in_drawer,0.39,440.0033993367102,-47.79822769817724,493.07221351786336,427.8285840331392,-49.16475752765037,497.7244221139201,38.608215600574674,75.39489536382415,91.64473700576441
S4,lift_transport_and_align_blue_block_in_drawer,0.4,443.12714191508667,-50.95748327748149,492.7671058082159,431.0300322035655,-52.614449064403985,497.6203431251258,38.27614768688082,76.48433198710987,90.6542223529548
S4,lift_transport_and_align_blue_block_in_drawer,0.41000000000000003,445.82909644500046,-54.266337142358616,492.17280278201144,434.1855844392875,-56.13016669539804,497.40365217622855,38.0804509808425,77.66638925137899,89.39130214634096
S4,lift_transport_and_align_blue_block_in_drawer,0.42,447.5453306133247,-57.60387212691174,492.28931115363486,437.28705076674703,-59.71136890180642,497.07350368670916,37.963627214667156,77.87192699888092,87.22165407745138
S4,lift_transport_and_align_blue_block_in_drawer,0.43,449.9471052886349,-61.006181548851245,490.53431663061406,440.3301020448769,-63.351472584330615,496.5844628240521,39.58416098651247,79.14596083825903,85.9014996075545
S4,lift_transport_and_align_blue_block_in_drawer,0.44,452.6601104413852,-64.7740630841672,488.8337175821751,443.28491525156215,-67.03639811009005,495.97834979222205,39.81931162836724,80.69887641567229,84.85370593354386
S4,lift_transport_and_align_blue_block_in_drawer,0.45,455.3387998803561,-68.32412104639351,487.8833211622357,446.15463659232057,-70.76034977147668,495.2289730897028,40.26219606467818,82.25999066384152,83.59706579471376
S4,lift_transport_and_align_blue_block_in_drawer,0.46,458.0986743171762,-71.40349847881467,487.16309417894036,448.95675384763285,-74.51719197891643,494.2710085438532,40.69600788835922,82.18990297943073,83.42811302225233
S4,lift_transport_and_align_blue_block_in_drawer,0.47000000000000003,461.2435297640693,-75.20500025963057,486.1945774307111,451.6701640501931,-78.28252109709521,493.0690218859203,40.474575922101394,80.95921986327268,84.68354826090564
S4,lift_transport_and_align_blue_block_in_drawer,0.48,464.1436892793091,-79.21277524060093,484.9902768901843,454.2534067428923,-82.0247842413271,491.60743790105613,40.408601838138416,80.13647935554057,85.71714994354181
S4,lift_transport_and_align_blue_block_in_drawer,0.49,466.88607948531927,-83.24592832682288,483.8577346233096,456.77466120430125,-85.76594180905413,489.9398132155563,40.00800649829244,79.40521955240702,86.3905110359482
S4,lift_transport_and_align_blue_block_in_drawer,0.5,469.45734410166733,-87.29327752341905,482.6305647761112,459.24020740631187,-89.50857372420995,488.0987818643537,40.20477455053738,78.70959679091521,86.39771777173465
S4,lift_transport_and_align_blue_block_in_drawer,0.51,472.273644103806,-90.865251080414,482.09036416090515,461.6229846547036,-93.26151527198884,486.13718356039334,41.44809622735666,77.78142040667008,87.00319902012788
S4,lift_transport_and_align_blue_block_in_drawer,0.52,474.98171946255684,-94.35910703427611,480.5693910721602,463.95220094757366,-96.96264772186747,483.9799517232901,41.736584448089324,76.98187613248768,87.68876414784509
S4,lift_transport_and_align_blue_block_in_drawer,0.53,477.39912427402294,-97.69608937748686,478.85945311606315,466.2410073565413,-100.5746890116101,481.63299429288924,40.74523061445577,75.63936289610653,87.47118980055802
S4,lift_transport_and_align_blue_block_in_drawer,0.54,479.09499601239565,-101.0643147958475,476.63712445425995,468.45519812441654,-104.07347851368132,479.0874863093831,40.28703028394885,74.09407565269296,86.25426478124515
S4,lift_transport_and_align_blue_block_in_drawer,0.55,480.7003649730845,-104.45369635063139,474.7840769070454,470.5621719497732,-107.45486945408058,476.36006805456447,39.600676525881326,72.96058603634988,84.88440066498477
S4,lift_transport_and_align_blue_block_in_drawer,0.56,482.2768776279855,-107.78733910626761,471.5274833582305,472.5650395663844,-110.67471927222452,473.44933911695693,39.43674182822142,72.26408612704653,83.51399799257744
S4,lift_transport_and_align_blue_block_in_drawer,0.5700000000000001,483.8256571890997,-111.13089169282762,467.6439139614564,474.4616979400428,-113.73601365131704,470.34978144798123,39.877013800196934,72.17368452693695,82.2001164703874
S4,lift_transport_and_align_blue_block_in_drawer,0.58,485.5772596709378,-114.45126741523617,464.56363625799594,476.25954872116637,-116.68046980063359,467.0682333408265,40.087350422090346,73.01342346640864,81.17835299319324
S4,lift_transport_and_align_blue_block_in_drawer,0.59,487.27878465084086,-117.51683002351228,461.7059757237587,477.9659545845568,-119.5031771384341,463.6318170150507,40.00664910094555,73.79841061611937,80.51257135056409
S4,lift_transport_and_align_blue_block_in_drawer,0.6,488.41221007403226,-120.19108531730748,458.4216721514408,479.5621806469683,-122.21985728834194,460.0451925362032,40.209028319736746,72.63873596354732,80.5627364494804
S4,lift_transport_and_align_blue_block_in_drawer,0.61,489.3081925204648,-122.95749301293723,455.30169273159356,481.10367066246334,-124.82979566371144,456.3604615235759,39.13747549232199,70.74197830597784,81.15133328744592
S4,lift_transport_and_align_blue_block_in_drawer,0.62,490.6257239934648,-125.88214747055592,452.27464102293396,482.63628343454735,-127.36279744794575,452.6004345265864,37.60499361853438,69.42308243573628,82.24384154806096
S4,lift_transport_and_align_blue_block_in_drawer,0.63,492.8370937158518,-129.1614900178566,448.9762448222848,484.17330122673894,-129.85167222750502,448.789546781267,36.73864455808092,68.99331533939704,84.17847122309989
S4,lift_transport_and_align_blue_block_in_drawer,0.64,494.9128638566584,-132.55965268956774,445.0488868150238,485.67417982616774,-132.3502624029073,444.93969114261125,36.174996607913,68.54052434420055,85.9624287051434
S4,lift_transport_and_align_blue_block_in_drawer,0.65,496.6689670246242,-135.68981496992052,440.92326601344604,487.11404404779495,-134.84831409635677,441.03400787925784,35.50025840046869,69.11913112038552,87.35180710657237
S4,lift_transport_and_align_blue_block_in_drawer,0.66,498.46364337534555,-138.29595328586817,437.71264651837475,488.5096237970918,-137.34469624078915,437.10117462593576,34.37436076448202,71.53608719834392,88.71458461076672
S4,lift_transport_and_align_blue_block_in_drawer,0.67,500.2579499272133,-140.22997730125837,434.4307370468555,489.84753928251115,-139.8441809910138,433.1475939829806,33.09500881045134,74.1500406607373,89.5461878256243
S4,lift_transport_and_align_blue_block_in_drawer,0.68,502.03681022303283,-142.6039004308671,430.7849865563574,491.10927146580576,-142.3245381024011,429.1830200363759,32.16768428236553,76.79180547437275,90.1873782224595
S4,lift_transport_and_align_blue_block_in_drawer,0.6900000000000001,503.80141280311585,-145.16835004821434,427.02467619431934,492.32343142396144,-144.79951006230152,425.23175955842123,31.403875195873276,79.53894177695007,90.77084491604711
S4,lift_transport_and_align_blue_block_in_drawer,0.7000000000000001,505.5970563875708,-147.34173404414295,422.9662200033673,493.58928383845733,-147.2718878760982,421.27835186133683,30.544656285537304,80.02756177991304,91.25979392047819
S4,lift_transport_and_align_blue_block_in_drawer,0.71,507.34822067000334,-150.1407561884199,419.12342619357855,494.83353189850897,-149.62139864477888,417.2501281306279,29.49381030312773,80.33069988228551,92.05524279368441
S4,lift_transport_and_align_blue_block_in_drawer,0.72,509.08035645610016,-152.80947474038487,415.2937334866938,496.14977719409615,-151.70125943061947,413.0931120183366,28.61764930640294,79.54360989970266,92.86135078912484
S4,lift_transport_and_align_blue_block_in_drawer,0.73,510.6106423809954,-155.07361736063154,411.1850812557799,497.5211908998502,-153.70495975268952,408.9335025365902,27.884532363951323,78.7408615370844,93.28986597148143
S4,lift_transport_and_align_blue_block_in_drawer,0.74,511.2816584834154,-156.6936876689216,406.9761581970497,498.90135202291674,-155.63956022712551,404.74144472442197,27.413106492333352,78.58653490221029,92.67188395786755
S4,lift_transport_and_align_blue_block_in_drawer,0.75,511.9541409191047,-157.81645109472515,402.82333303715814,500.3121369979471,-157.50267488785587,400.52316213491616,27.687638832017377,78.31092218774734,90.8532745092264
S4,lift_transport_and_align_blue_block_in_drawer,0.76,512.6224984194707,-159.73441060631666,398.6614685097426,501.7113460681685,-159.297415821257,396.2805424178093,26.79147801556035,77.38008912810949,88.73962182476791
S4,lift_transport_and_align_blue_block_in_drawer,0.77,513.2053481539563,-161.02431144162887,394.6622037628853,503.02846950106374,-161.06097307479814,392.0193608906196,26.73428587425569,76.3544362018661,86.51094651284264
S4,lift_transport_and_align_blue_block_in_drawer,0.78,513.820931020359,-162.28260854012723,390.6129174632465,504.2485914279031,-162.76011115652324,387.6872046340364,26.71209379463686,75.0710573221551,84.08958029874944
S4,lift_transport_and_align_blue_block_in_drawer,0.79,514.2255784427814,-163.67061094772873,386.44656334275646,505.38998384903823,-164.4191228585324,383.30636162553805,26.961476876606127,72.88721161567005,81.60036376540302
S4,lift_transport_and_align_blue_block_in_drawer,0.8,514.3432257181047,-165.13199104639153,382.34325785504706,506.49204511229897,-166.1672078368825,378.95004503309696,27.13306613111969,70.16809484645272,79.20844279693318
S4,lift_transport_and_align_blue_block_in_drawer,0.81,514.0641799272726,-167.39789748487343,378.26883084774795,507.6022282976453,-167.85148687200547,374.6266064635062,27.147863122261107,67.42129806400375,76.77055463673614
S4,lift_transport_and_align_blue_block_in_drawer,0.8200000000000001,514.6549888508039,-169.46270865928648,374.27133433984477,508.7720198750329,-169.43783601252454,370.29119883569507,25.703026969980566,65.5773542336339,75.54595269421385
S4,lift_transport_and_align_blue_block_in_drawer,0.8300000000000001,515.9644919047535,-171.94128244640626,370.13548247373114,510.0209995135181,-171.0201919737945,365.9856914035454,23.980880382560642,64.39964208571192,75.06528961464562
S4,lift_transport_and_align_blue_block_in_drawer,0.84,517.0912189549165,-174.63347447217933,366.08357813970053,511.37757230674765,-172.65090315675857,361.75740127604917,23.110027616479353,63.09397296528966,74.58516277465762
S4,lift_transport_and_align_blue_block_in_drawer,0.85,518.242957190563,-176.27425302709707,362.21724086585454,512.7978599122553,-174.30511482969888,357.56316826696224,22.07997349143629,61.93654051862705,74.11747077049723
S4,lift_transport_and_align_blue_block_in_drawer,0.86,519.5053079572162,-176.77357451387434,358.24234208232593,514.1558695232327,-175.93480805814553,353.33700600130015,22.201810095566387,60.85968841702505,73.69095093016696
S4,lift_transport_and_align_blue_block_in_drawer,0.87,520.7783427635104,-177.33907027225837,353.80588811557624,515.3327245928407,-177.50409586890265,348.9914741063964,22.453885329896334,59.69830152917111,73.32818588700076
S4,lift_transport_and_align_blue_block_in_drawer,0.88,521.9191997505452,-179.27254376705753,349.00979066370127,516.3769539029407,-178.92607066190342,344.549348339204,22.81164850686244,58.31295609029748,72.84288610761683
S4,lift_transport_and_align_blue_block_in_drawer,0.89,522.7620103299374,-181.07226893283234,343.97417880282546,517.3636887439052,-180.32378650509952,340.1059028449543,23.07637037450681,56.64033366704521,72.28448451501465
S4,lift_transport_and_align_blue_block_in_drawer,0.9,523.5929300198256,-182.3813982462891,339.6845985552885,518.3435005030613,-181.72276987728844,335.6576824652536,23.466081871685724,56.95941714492933,72.08334045024667
S4,lift_transport_and_align_blue_block_in_drawer,0.91,524.1535648201748,-182.98452081032212,334.88945864747257,519.4379753529537,-182.9500869537905,331.2164428700149,24.235671009796867,57.981654382405665,71.35019158083863
S4,lift_transport_and_align_blue_block_in_drawer,0.92,525.3439031524902,-183.98696846918475,330.5821074936821,520.5342902834727,-184.14481051556785,326.7491864087732,25.012524634329417,57.5990842022007,71.83337069679317
S4,lift_transport_and_align_blue_block_in_drawer,0.93,526.9835342905637,-185.34270345017086,326.56014881677936,521.5815469017742,-185.34664824066132,322.40538527488644,24.08810010869673,57.56010529035998,73.18878995159008
S4,lift_transport_and_align_blue_block_in_drawer,0.9400000000000001,527.7214002359187,-185.39447444869361,321.8994492855294,522.5373783708693,-186.35691403309613,318.15421762275963,24.80021109997509,58.231448443179545,73.13533172452674
S4,lift_transport_and_align_blue_block_in_drawer,0.9500000000000001,527.9919493133727,-184.8788929118317,317.5442259927425,523.5609453830197,-186.9466588911691,314.0626161411199,25.24182720321458,57.84308366268548,71.74377499468544
S4,lift_transport_and_align_blue_block_in_drawer,0.96,528.7950530827047,-184.28559516591383,314.2707502867852,524.38084851482,-187.05199389502116,310.08789194972934,24.683248559583475,57.58481267068806,72.82096387889409
S4,lift_transport_and_align_blue_block_in_drawer,0.97,528.8122378354642,-184.56408082476196,309.89998253197825,524.710836663711,-186.5628006748076,306.12046365737194,25.581302047938404,56.80956209599116,73.4992036194867
S4,lift_transport_and_align_blue_block_in_drawer,0.98,529.6267612264724,-184.26806093295016,306.62121925031806,524.6623734870932,-186.09320435134754,302.3831096065505,24.23560245007048,57.56807031414714,74.52310913444154
S4,lift_transport_and_align_blue_block_in_drawer,0.99,529.5134955270385,-183.30926642883912,304.5212147257022,524.4721859320157,-185.94044932861485,300.66093175459196,23.53548633876565,56.04090299974612,74.92045396282171
S4,lift_transport_and_align_blue_block_in_drawer,1.0,529.7503356933594,-183.7257308959961,305.45729064941406,524.1661041259765,-186.63101145426432,302.8029042561849,23.312244455614557,56.494674987474426,72.89972088136149
S5,close_drawer_and_retract_with_open_gripper,0.0,529.7503356933594,-183.7257308959961,305.45729064941406,524.1661041259765,-186.63101145426432,302.8029042561849,23.312244455614557,56.494674987474426,72.89972088136149
S5,close_drawer_and_retract_with_open_gripper,0.01,527.9141517844085,-183.27513390689836,313.7485702293382,522.154431407078,-185.4503995887385,312.64228760670557,23.91342517395092,57.31661015666764,69.74658492262486
S5,close_drawer_and_retract_with_open_gripper,0.02,525.8834112062937,-182.19913498000557,323.7965646673454,520.1980199157957,-183.58543397264327,323.1827408275114,25.146744593320374,59.000064264219006,68.07015903303122
S5,close_drawer_and_retract_with_open_gripper,0.03,523.5261102870105,-181.83204436631422,335.03771261809675,518.285325304721,-182.08689317438765,333.95541384340214,25.185183300275103,58.337435408352775,68.33650408247155
S5,close_drawer_and_retract_with_open_gripper,0.04,520.8750996712126,-181.3799489650283,346.0466977342333,516.3340771338884,-180.81958901303184,344.75199181214805,25.82305456268859,58.146739416881644,67.77061220577527
S5,close_drawer_and_retract_with_open_gripper,0.05,517.7517135877358,-180.10244346404107,356.8928335544693,514.0938037508122,-179.6501062527,355.5165525864511,27.948689824074712,58.88972168732098,66.62787133288666
S5,close_drawer_and_retract_with_open_gripper,0.06,514.5680458880084,-178.98892236712723,367.9137890847155,511.4452554765417,-178.50737565698174,366.1954068887111,30.036141830751284,59.998619655763044,66.27422110171412
S5,close_drawer_and_retract_with_open_gripper,0.07,510.8875736186039,-177.70633734242995,378.95184085819244,508.3415886991985,-177.3010007525793,376.7328317581743,31.646360420664692,59.62228794627925,66.63304006107697
S5,close_drawer_and_retract_with_open_gripper,0.08,506.6906805200093,-176.36500710430616,389.9216547726868,504.7442030854743,-175.94610701751725,387.0854394774808,32.84384648573568,60.0289973949162,67.37356513298295
S5,close_drawer_and_retract_with_open_gripper,0.09,501.86951918379725,-174.80049095361278,399.64786586511354,500.66431630991593,-174.3835356843956,397.2129462786949,33.13004667700528,62.79097759617785,66.93064188663958
S5,close_drawer_and_retract_with_open_gripper,0.1,497.56048987473287,-172.5120731038491,409.0438736840749,496.2151725156136,-172.71944270010485,407.1561153749923,32.95302747352097,63.65033146280362,67.28282483989811
S5,close_drawer_and_retract_with_open_gripper,0.11,492.9575850140087,-170.65534772096976,417.1375520783996,491.25779030136107,-170.94998426452676,416.8398491200485,33.84082824962617,64.79286815062952,68.63985829288976
S5,close_drawer_and_retract_with_open_gripper,0.12,487.00078016421094,-169.44000135732574,424.6721889385857,485.523898851824,-169.00489786492372,426.01406039082616,36.67288349628163,66.21772796185998,69.33638636260079
S5,close_drawer_and_retract_with_open_gripper,0.13,478.56876318763335,-167.94927950799894,432.14583672017625,478.8661526107273,-166.98638088204507,434.37945742225725,38.310833929675645,66.52530926756617,70.88494783977207
S5,close_drawer_and_retract_with_open_gripper,0.14,469.14180451111827,-165.63708108330485,439.8822447985773,471.3314167944319,-165.02060768327183,441.774505611617,41.2050061265263,67.36527988117446,72.09339437835119
S5,close_drawer_and_retract_with_open_gripper,0.15,459.46227153039047,-164.13528932629305,445.1021993095479,463.0720323288197,-163.35565912490628,448.1573887925123,40.93073271681564,68.68848761796518,72.11948286614472
S5,close_drawer_and_retract_with_open_gripper,0.16,449.39888489377313,-161.83894977911967,449.8927418922674,454.0875204141066,-162.17054581576434,453.35297560322874,39.70725094397599,70.72004455726305,74.51897098636816
S5,close_drawer_and_retract_with_open_gripper,0.17,439.3173994325091,-162.75013900721677,455.20666871757805,444.60768646762676,-161.118172806285,457.2742160254037,39.44059752636026,73.47826896508222,75.4989616334847
S5,close_drawer_and_retract_with_open_gripper,0.18,429.2257935060113,-161.55970262950052,457.76604380004756,434.71843266709215,-160.28510598840788,459.98890191957724,41.35506331162922,75.21822773339849,76.9057030373406
S5,close_drawer_and_retract_with_open_gripper,0.19,418.758970447275,-162.83201878751572,458.59998195808976,424.64481060053646,-159.8173845793998,461.0235863111453,43.6300798538272,75.65124087296141,76.83637551260084
S5,close_drawer_and_retract_with_open_gripper,0.2,410.39845467641123,-160.4168012729578,456.57907099001477,414.9652220978295,-159.18114967885734,459.9969128121169,46.53740979984107,75.13247227940458,77.42234135224217
S5,close_drawer_and_retract_with_open_gripper,0.21,403.9186215981073,-158.25506976776336,452.118507644931,405.682477157669,-158.6398038525618,457.1993659564005,49.679219024993884,73.43298161497125,79.45959982266305
S5,close_drawer_and_retract_with_open_gripper,0.22,400.6553064336854,-161.50716883289465,445.91536780152853,397.1311015993862,-158.6633050164349,452.4846272706839,48.1507991278971,75.86542122019873,76.33807099898655
S5,close_drawer_and_retract_with_open_gripper,0.23,397.145368217243,-162.30113960455242,439.22608547983054,389.5966341707615,-158.85840356360347,446.09600747083357,48.34581933019386,78.15684605681672,81.09127130125114
S5,close_drawer_and_retract_with_open_gripper,0.24,393.46449927249694,-161.95836974410113,431.41524433115234,383.73509574177825,-158.5906469594689,438.6595302319343,50.07281893757913,81.36529607635428,83.14049482862886
S5,close_drawer_and_retract_with_open_gripper,0.25,390.19650457858654,-160.7470008206148,425.0327904923714,379.41305748936145,-157.63317123982728,430.12183928238807,50.92666913812075,82.63815785587839,85.115021729423
S5,close_drawer_and_retract_with_open_gripper,0.26,388.991728003131,-159.61437800381228,418.31631194071974,376.2620098127714,-156.5598142081859,420.62529172448023,53.570707374553024,84.35265306449001,90.97397058735717
S5,close_drawer_and_retract_with_open_gripper,0.27,389.5147872761253,-161.04785263011425,409.3463488518046,374.0814590807529,-155.64161812989207,410.46748813032497,57.82966429946589,89.50595776698101,96.74314649371611
S5,close_drawer_and_retract_with_open_gripper,0.28,384.1186825117637,-161.3101243157108,398.62833742156784,372.85693572353233,-155.4715362271093,399.98544318072766,57.958735522916626,91.9601017458648,93.89937265829505
S5,close_drawer_and_retract_with_open_gripper,0.29,379.99241440998696,-161.77173409082383,387.02936962857177,372.7235294919341,-155.89523997447532,389.5601729639115,56.93276904476459,88.6304926102174,93.87629446941921
S5,close_drawer_and_retract_with_open_gripper,0.3,378.830177096965,-162.5812189934381,375.6481090818385,373.60599249785383,-156.9234313430449,379.12468952093786,56.740532221794226,87.807375907349,95.97308958383397
S5,close_drawer_and_retract_with_open_gripper,0.31,379.13650576549884,-164.36442747018043,364.7098596038852,375.29047601829126,-158.38495387968612,368.92763915099925,57.67623930119849,89.93409733353847,96.68315799136892
S5,close_drawer_and_retract_with_open_gripper,0.32,381.2233429782275,-166.3581487408834,353.86077766610845,377.898961777115,-160.08532200198064,359.1804680503346,58.84698840154505,90.9967773998826,94.93198377511825
S5,close_drawer_and_retract_with_open_gripper,0.33,386.19082965079895,-166.55272598471578,344.80214392261075,381.30319967982035,-161.4550075968485,349.45716294544934,58.62086170106713,91.1534926492928,95.60530555605966
S5,close_drawer_and_retract_with_open_gripper,0.34,393.7746337484001,-167.77306552305268,338.1971174482662,385.92161199232856,-163.62874004448386,340.73175127222055,57.61096531649166,91.84470365890458,94.1110775287107
S5,close_drawer_and_retract_with_open_gripper,0.35000000000000003,399.9204442382726,-172.69716211832412,329.68662641304815,391.8000444400699,-166.55928265061476,333.1453828953207,55.61943177392253,92.38203023593995,93.04329152497809
S5,close_drawer_and_retract_with_open_gripper,0.36,405.88722642747393,-174.38601670343593,323.49453794985754,398.415250165828,-169.25485693674972,326.408594711244,51.529551038456844,91.72626779635003,92.31925943436181
S5,close_drawer_and_retract_with_open_gripper,0.37,413.5235780985803,-176.9221720102054,318.85804867726006,406.05974124255863,-171.52985900318623,320.7434408309052,50.53274347883698,89.4457822024418,92.69065604608106
S5,close_drawer_and_retract_with_open_gripper,0.38,421.40298574270787,-177.2433781271276,315.48317270740347,414.38711810769496,-172.39953530951968,315.807120826986,51.007813168089335,89.02921157046289,92.89289071381944
S5,close_drawer_and_retract_with_open_gripper,0.39,430.1969677682519,-176.8807001776057,310.7082449248394,423.1634822113745,-173.25310368713264,311.58910565425737,50.11849708079544,89.21213966241051,91.95821770287446
S5,close_drawer_and_retract_with_open_gripper,0.4,438.87522353445905,-175.87558220056428,306.7923369427181,432.38764712860547,-174.34382751584957,308.26009703839185,50.44111003510196,90.81459774770157,91.01157378910221
S5,close_drawer_and_retract_with_open_gripper,0.41000000000000003,446.9318310622756,-174.89300840231292,304.232827667178,441.3351914641668,-175.23351868180168,305.1714903589625,50.32201211873104,89.32209485903643,96.12513387800242
S5,close_drawer_and_retract_with_open_gripper,0.42,455.26873591755214,-173.68444530221504,304.59996073879955,450.48594048393886,-175.25005009900448,302.7201323208016,45.79849649046852,92.12074532608855,97.98189035370542
S5,close_drawer_and_retract_with_open_gripper,0.43,465.5526295738124,-172.59015810595747,304.60004117319954,460.03326890738396,-175.15841058110774,301.1124242600157,44.80736864815327,95.90726806393783,98.93039993392593
S5,close_drawer_and_retract_with_open_gripper,0.44,475.32095111227386,-173.74192866804742,303.78596829457297,469.75441467216245,-174.13806867829433,300.05074288493637,43.83529971528196,96.49128129034602,98.84529466133417
S5,close_drawer_and_retract_with_open_gripper,0.45,486.0631247525092,-172.3634807283871,303.8738058914016,480.09027541851174,-173.39491716019828,299.89856298543845,42.91558418478003,94.34879324076888,98.35724987344291
S5,close_drawer_and_retract_with_open_gripper,0.46,496.5316701430512,-171.40715379554126,303.2566596406501,490.41823798573023,-171.9601791106737,300.0846704070543,41.80276049779073,92.93346190568359,98.14898059194022
S5,close_drawer_and_retract_with_open_gripper,0.47000000000000003,507.1105040604956,-171.3261534097163,303.1422395146416,500.7683002171881,-170.9004087733674,300.7644281032632,41.96777518079882,92.84657621901788,98.18323885704724
S5,close_drawer_and_retract_with_open_gripper,0.48,517.9696844651028,-169.58038366408996,305.0580495515193,511.08753067957434,-169.99587466784945,301.58160583563114,40.91510139912617,94.6468288780055,98.01564275141982
S5,close_drawer_and_retract_with_open_gripper,0.49,528.7855915607101,-169.57939785459462,305.9092418408213,521.3918680600932,-168.71971998720943,302.981544194274,40.618841116828065,94.30931864888838,97.8509297358924
S5,close_drawer_and_retract_with_open_gripper,0.5,539.9865797792145,-167.8720838369893,307.3875134904886,531.1923365918854,-167.36101564142626,304.26135910068155,41.23978940859746,93.7703378092643,98.16257632056951
S5,close_drawer_and_retract_with_open_gripper,0.51,551.209943727263,-164.99266456754043,307.99447564355376,540.2634274587305,-165.74887660462974,305.9455772698183,39.41810870925485,92.62280392343446,98.79034905800498
S5,close_drawer_and_retract_with_open_gripper,0.52,560.2761842542411,-161.7883498764019,308.81613113898067,546.9689115392629,-163.5808402353749,307.737668210374,35.26804187080008,86.43002172344261,97.84564912999974
S5,close_drawer_and_retract_with_open_gripper,0.53,562.7597436128117,-160.47856307430686,309.03817288593143,552.423565441346,-161.9485531682446,308.68101197002994,33.37552494814724,79.18941525848949,90.94437201311969
S5,close_drawer_and_retract_with_open_gripper,0.54,560.2607100771932,-159.18685542597512,309.8238806594629,556.8355534634397,-159.94727429006653,309.58876321326693,33.90551319400541,68.53785348275187,79.70538376724298
S5,close_drawer_and_retract_with_open_gripper,0.55,560.4742991753976,-158.48289661508835,312.51980290063057,557.900648681089,-159.08040548810487,311.8361008182543,37.42363740412969,68.38671788570431,75.78986896348849
S5,close_drawer_and_retract_with_open_gripper,0.56,556.5914119750837,-158.24266708785467,314.06998604552257,557.3889649895642,-158.49342085790158,314.50883533550007,38.12647598009836,67.21703203041264,71.18383555406622
S5,close_drawer_and_retract_with_open_gripper,0.5700000000000001,555.1758408910591,-156.88929690874397,317.7303874191132,554.6029113012183,-157.7665087502782,316.82360294524005,44.66994202865543,65.61149333106528,68.47875277477047
S5,close_drawer_and_retract_with_open_gripper,0.58,547.5688285046128,-155.79284702436627,320.75694039455027,549.4128233270578,-156.97304267231522,319.61230363739975,42.10636900075937,66.56854782186313,72.2746938886164
S5,close_drawer_and_retract_with_open_gripper,0.59,545.8623224848959,-158.96802493483125,323.1852472670539,543.3401182909151,-156.9549918101669,323.1019291127956,39.09434036395001,67.23691833943444,73.3821769382241
S5,close_drawer_and_retract_with_open_gripper,0.6,543.2063838504512,-158.94513583363099,325.80083267259926,536.9017178152959,-156.68042463649093,326.85767612835593,41.07166249774471,74.543928019349,78.69979209135275
S5,close_drawer_and_retract_with_open_gripper,0.61,533.9866945110726,-158.44604576605653,330.9807734025577,528.7176276038198,-156.45412365225357,330.75583501696104,42.71654883215483,75.6620552864116,80.25723689765655
S5,close_drawer_and_retract_with_open_gripper,0.62,525.7223687864991,-157.0604568696226,337.3967874498135,520.0809865617059,-156.19848072721777,335.4654051522475,43.61146905511371,79.88171671301431,85.10020793353728
S5,close_drawer_and_retract_with_open_gripper,0.63,518.2504494121227,-155.3179148306881,343.2214376819954,511.5793915498455,-155.70797380429138,340.38074739084203,44.0601206088575,84.89563930763151,88.02198538483779
S5,close_drawer_and_retract_with_open_gripper,0.64,508.7995398014009,-153.95308086247897,348.34621969942896,502.5879559596845,-155.4251929169993,345.91366164612356,44.6129025899475,87.55912337264019,90.35440908668804
S5,close_drawer_and_retract_with_open_gripper,0.65,497.95782001100787,-152.52819306493456,354.4933746856565,493.6842367831389,-155.13094039580264,351.79381455238706,47.49193678313754,87.8381017198713,91.84138958085306
S5,close_drawer_and_retract_with_open_gripper,0.66,487.1523304169581,-152.97481258388382,360.320300598164,484.89924396203776,-154.63268876548105,357.9516044081545,48.46558758381963,85.9671104871859,93.14884278597123
S5,close_drawer_and_retract_with_open_gripper,0.67,476.4647272100102,-153.51426457212827,366.4977916475432,476.3301525044216,-153.91003924173845,364.4320985387954,49.25677117293574,83.69397876674027,93.48019761369063
S5,close_drawer_and_retract_with_open_gripper,0.68,466.44754863728963,-153.4199200842548,372.835800896878,467.94494123109274,-152.8382141126955,371.1097484018393,50.06158674688125,83.3633682013692,93.01207552227702
S5,close_drawer_and_retract_with_open_gripper,0.6900000000000001,458.5745960868088,-152.2523176704759,379.9649076653958,459.8131367240425,-151.525165056303,377.9893016325685,50.398490610972196,83.04069398690213,93.37014451653751
S5,close_drawer_and_retract_with_open_gripper,0.7000000000000001,449.12952600648356,-150.9465826969717,388.8319979525593,452.15396747349484,-150.03311956572256,385.25554400433606,53.04155483839502,84.49073907103858,92.81750751525789
S5,close_drawer_and_retract_with_open_gripper,0.71,440.51940527841805,-149.63317816952429,397.3495252363159,445.01779679376875,-148.20924050090096,392.836598866954,54.35565095042192,86.27653112510376,92.54432013642322
S5,close_drawer_and_retract_with_open_gripper,0.72,434.41931166398797,-148.33630807223057,404.3397496012135,438.1328003050072,-146.03618296623287,400.42589997025243,56.94742046253928,87.05018371772998,92.5801656770892
S5,close_drawer_and_retract_with_open_gripper,0.73,427.73845426994086,-147.02310526636933,410.4754951073412,431.4437033399715,-143.3920607250871,407.95490754849124,59.85930798604415,88.70497765639173,93.112883600803
S5,close_drawer_and_retract_with_open_gripper,0.74,420.06103537739347,-144.74938550447024,416.83985320411364,424.9033109944105,-140.18236515910306,415.3692187556509,60.36787894680387,92.16641392325086,94.27871951922651
S5,close_drawer_and_retract_with_open_gripper,0.75,413.203981599355,-141.99977913223069,423.68019492096687,418.6143855340326,-136.40875977357217,422.72098598439976,60.14626719038904,91.1426679807255,97.95851497004158
S5,close_drawer_and_retract_with_open_gripper,0.76,407.68425018448664,-137.6372745022697,431.17602958883333,412.67643070379677,-131.86130157120633,429.9973377169007,60.01957578585872,93.46512447754822,99.99221816302017
S5,close_drawer_and_retract_with_open_gripper,0.77,403.3536895815854,-132.51217291888946,438.85701761743906,407.37698980930196,-126.25812560658635,436.94034411431664,60.148032249425114,93.98608131401045,100.1205141565358
S5,close_drawer_and_retract_with_open_gripper,0.78,398.9278909248818,-126.99139501302585,446.0253453940644,402.7377511541847,-119.85771730402796,443.54810109198513,59.47408227289932,94.83979368434366,100.06700025770479
S5,close_drawer_and_retract_with_open_gripper,0.79,394.73765610201247,-119.33400890440495,452.6861406247388,398.78147545562047,-112.76086094838617,449.789917598536,57.87137663876686,94.40687731151773,99.26227475003847
S5,close_drawer_and_retract_with_open_gripper,0.8,393.72866313051156,-110.77879369908769,458.02525799344477,395.2831125233513,-105.36723729138933,455.76742540552056,54.72060109608192,94.71065914212274,98.75907555201877
S5,close_drawer_and_retract_with_open_gripper,0.81,393.31365523017,-102.89425604389263,462.4513431319541,392.0494007389055,-97.84114956243485,461.5743406571562,53.700393141824875,97.79873752020684,99.99127995919447
S5,close_drawer_and_retract_with_open_gripper,0.8200000000000001,391.65804155063677,-94.83041456745681,466.47454857696704,389.1994445010636,-89.74555241518293,467.0627970916115,53.931854259998936,98.85264116319443,104.33768748546677
S5,close_drawer_and_retract_with_open_gripper,0.8300000000000001,388.54511385274884,-85.30985672953926,473.482945452366,386.82217445344185,-81.02525993828714,471.94844043314225,55.38104738528584,95.38062484825011,109.9561367159752
S5,close_drawer_and_retract_with_open_gripper,0.84,388.137570511165,-75.19180862051829,479.55862192718666,384.9402138311462,-72.36397305597387,476.8306369693306,56.25841805027769,94.771252892509,114.53094492605837
S5,close_drawer_and_retract_with_open_gripper,0.85,389.5437274974527,-65.21265007774855,482.6930840050763,383.38160323072555,-63.82017650224042,480.7269148166461,57.583441017558044,94.34786818736052,105.79559407859445
S5,close_drawer_and_retract_with_open_gripper,0.86,388.2042262668965,-55.522926393550144,486.43689199183336,381.70232491267365,-54.67219573262457,483.5419869397455,58.78343913013401,96.95578832837452,100.12831592777404
S5,close_drawer_and_retract_with_open_gripper,0.87,389.3302163023733,-46.23944650285753,487.5924773002864,380.31706357414834,-44.91808750105431,485.693579729865,59.047367175623506,101.68779720793552,102.41785479283256
S5,close_drawer_and_retract_with_open_gripper,0.88,388.25432757834517,-36.820492374384266,490.7967660183888,379.14499928013475,-35.156737234417356,487.34235338446797,59.87261655368049,102.47451339677954,104.82083299372405
S5,close_drawer_and_retract_with_open_gripper,0.89,388.09812852099367,-27.93213276412299,491.8447777777541,378.2176968345518,-25.743638163067864,488.59466338082643,60.6633752755332,104.91878711817232,106.2624275477321
S5,close_drawer_and_retract_with_open_gripper,0.9,387.66354569313637,-19.443701973840923,494.1929821197533,376.9923725921837,-17.445489228101216,489.6812741174209,58.76224048346874,94.70719155456217,108.72511431026659
S5,close_drawer_and_retract_with_open_gripper,0.91,391.69832793101943,-11.193724950256147,495.1914346127713,376.51904235442254,-10.057621541805165,490.6716384142801,59.801699749555766,88.24300628173482,106.45690028071951
S5,close_drawer_and_retract_with_open_gripper,0.92,385.9647664722695,-4.602508213306889,490.0808161187655,376.6534587887521,-3.3168194218553193,490.76540552465514,54.205226782332296,81.32191342691483,104.91601760561952
S5,close_drawer_and_retract_with_open_gripper,0.93,387.34404884993853,0.06226735006183848,487.3626346384728,377.7288527872853,1.4089945114187978,488.84807277652374,49.3235185456826,75.45207042476434,94.74581416600691
S5,close_drawer_and_retract_with_open_gripper,0.9400000000000001,386.9508588091825,1.7999246445475854,485.9069219971552,378.69185317819824,4.778818072158597,487.18307772124393,46.37782898141569,74.03216060821907,82.1320044779726
S5,close_drawer_and_retract_with_open_gripper,0.9500000000000001,387.80025644110793,9.41193159134082,489.36909597234,379.20180921335094,7.638752419948684,485.9000842320478,45.76710230159919,71.70174384491328,75.39142102139438
S5,close_drawer_and_retract_with_open_gripper,0.96,389.9270107425498,13.639604825861342,482.1076911855648,379.01981928641555,9.78184619342461,483.93700936540966,43.14046456990881,73.09279136418094,77.42594455536512
S5,close_drawer_and_retract_with_open_gripper,0.97,390.4084781779954,13.368797308966883,482.7329269196339,378.3284574719989,9.724459203310984,482.2938648707859,39.25758248075732,73.56063990297322,80.86560869667633
S5,close_drawer_and_retract_with_open_gripper,0.98,385.69548032750754,9.097005499183386,480.78635485982795,377.9184730615744,7.182065556676659,481.07855846533056,39.441855950904056,70.79626780435079,75.79792968173363
S5,close_drawer_and_retract_with_open_gripper,0.99,385.78702670050075,7.537001186567666,481.07373282484,376.67855968691055,5.5896172927786045,480.53469734138383,40.54088296073421,75.39807854977688,78.36863806993867
S5,close_drawer_and_retract_with_open_gripper,1.0,381.9508056640625,7.197707414627075,479.53900146484375,374.961962890625,5.416891849040985,479.49908650716145,40.77323618399501,75.00244239215716,75.57949620618568
