segment_id,semantic_label,semantic_phase,median_x_mm,median_y_mm,median_z_mm,mean_x_mm,mean_y_mm,mean_z_mm,residual_p50_mm,residual_p90_mm,residual_p95_mm
S1,approach_white_container_handle,0.0,428.72251892089844,0.41367030143737793,456.93263244628906,427.4481638590495,-0.560816976428032,459.4364247639974,6.511210558862499,15.202441885911766,17.62120905500393
S1,approach_white_container_handle,0.01,427.42054699138754,-0.2218488278480401,458.7304859913296,426.57373901311763,-0.9778416451084591,460.4319398369283,6.519477003651737,15.130348494963481,17.754418476401156
S1,approach_white_container_handle,0.02,426.1380146400638,-0.8386868419726254,460.5326719090789,425.78118418311766,-1.4073071537605784,461.48275822220097,7.621497692123859,15.183831070899231,17.81916376834855
S1,approach_white_container_handle,0.03,424.90082950477654,-1.5723178495365913,461.84304222913124,424.96080149936176,-1.8644995098616255,462.4583117359483,8.100996304829495,15.355147997150024,18.51113482145096
S1,approach_white_container_handle,0.04,424.2509357963778,-2.6211779332188048,463.4256330037399,424.1260972128426,-2.3774520963985264,463.5012537497016,8.448721988061891,15.828958243480708,19.124522719027283
S1,approach_white_container_handle,0.05,422.89421810671064,-3.173168986309573,465.0393639689504,423.3886418712015,-2.894856029626052,464.67768809894943,9.045614450217318,18.461310410421007,19.39430768077107
S1,approach_white_container_handle,0.06,421.7774851631916,-3.729861719267894,466.8264393583441,422.6073501967074,-3.281230387204881,465.91685727906105,9.753946861123513,19.407229602295462,20.043420650054397
S1,approach_white_container_handle,0.07,421.4187008173139,-3.9139744296787193,468.1735832341599,421.94259896238077,-3.4852204595448018,467.1008928870278,10.357545777357831,19.989095034182597,20.433781217733202
S1,approach_white_container_handle,0.08,421.6744070653251,-3.4523135687956192,469.23515025191085,421.54890000321967,-3.6732525377980396,468.2176574663997,11.156917697667627,20.118280413577626,20.77782990696597
S1,approach_white_container_handle,0.09,421.16113224669573,-3.0591393751834444,470.24412946576723,421.20112676863573,-3.7476815297507655,469.47240462539327,11.623865947236363,20.339897085976965,22.196181955859394
S1,approach_white_container_handle,0.1,421.6848856664069,-2.897378211824059,471.6188962848669,421.0042899803242,-3.6850782189957703,470.79252619207205,12.820049512499615,20.153620583922944,23.478186434804698
S1,approach_white_container_handle,0.11,422.0035795265841,-2.9984396752985782,472.9257376661298,420.86706155028355,-3.544505688547987,472.099749920025,12.532646306350983,20.679741689247106,23.669372110575555
S1,approach_white_container_handle,0.12,422.33177937876445,-2.562580800191484,474.25609381763195,420.8100438995571,-3.2803561799658647,473.3517514708438,13.109097160179479,22.50054006793202,23.82909301976869
S1,approach_white_container_handle,0.13,422.2351521508071,-2.066400533097054,475.41664604074157,420.97704299013833,-3.0068603160735896,474.4188625120223,13.621959736848702,23.78269835970105,24.205855644126075
S1,approach_white_container_handle,0.14,422.1036490639369,-1.3792183627595636,475.51082890526015,421.3802518187764,-2.746247635272908,475.348867256933,13.540895217427202,22.282543902017103,24.90034405171418
S1,approach_white_container_handle,0.15,422.2756300135194,-1.6954903193357707,475.7304097767523,421.88737514783423,-2.458649079622026,476.2877987179287,14.521546514308202,21.8308122614123,25.022945902859416
S1,approach_white_container_handle,0.16,422.72335764730474,-2.501053425837143,477.32542159942506,422.4527583812726,-2.0845961193365086,477.29299076189693,15.24737868494999,23.339063185779032,25.491344722482236
S1,approach_white_container_handle,0.17,423.4227519289963,-1.77373587816832,478.4381777917764,423.15677321771085,-1.7324527752843486,478.4207582524435,15.686319904876541,24.5055344533786,25.88261402017493
S1,approach_white_container_handle,0.18,424.17798649078406,-1.3228732019379956,479.4838683675789,424.1139736671585,-1.3912983831227663,479.44770098935805,16.098043342324466,25.00068172466687,26.940230477622936
S1,approach_white_container_handle,0.19,425.2949339421699,-1.51781314693431,480.4255602166483,425.25434620701253,-1.126589676934137,480.4361544019074,16.10150161579758,25.136827219522786,28.197878540881412
S1,approach_white_container_handle,0.2,426.3774735160073,-2.0953980161007117,481.31241386826844,426.46809625821567,-0.9320907780792261,481.4923876741353,16.89553585333489,25.331548505687262,28.89341909835148
S1,approach_white_container_handle,0.21,427.2869449383985,-2.5701510843761746,482.9488180264968,427.76240280316046,-0.8830236722553806,482.6117800408937,17.559839716647907,26.252022913354452,29.865548124090328
S1,approach_white_container_handle,0.22,428.22081185189097,-2.6022654466022015,484.6496453931163,429.0532104094789,-0.8574486235881115,483.73210177881623,17.69562758129268,27.417353382527583,30.74639259504369
S1,approach_white_container_handle,0.23,429.4975668950159,-2.29755386200399,486.2212494831376,430.3364525038276,-0.8668651280376513,484.8393215767923,17.3575518830431,28.552704665706916,30.219273603552928
S1,approach_white_container_handle,0.24,430.8879961503172,-2.000171984940888,487.668690221557,431.70634745908717,-0.8265557555956332,485.93340148841384,17.761604008195807,28.368061272169975,30.14173536183921
S1,approach_white_container_handle,0.25,432.27840369765454,-1.928000228679219,489.1929874060915,433.0943769553249,-0.8251918350114841,487.02310390563156,17.61460405896873,28.918390989753153,30.686474201521172
S1,approach_white_container_handle,0.26,433.65613209193225,-1.8822431260522414,490.40395097258846,434.5197575856313,-0.8049771321115624,488.08689045858824,17.57159250653907,30.09449767489013,30.907009121746857
S1,approach_white_container_handle,0.27,435.01906496672586,-1.483359266848626,491.17372687356567,435.98233429826297,-0.7521937617387131,489.1233447027245,17.359740029372503,29.92279910286776,31.39460036134176
S1,approach_white_container_handle,0.28,436.38547919380153,-1.0569644546655632,492.5126112072153,437.48282926912435,-0.6903203736900446,490.13327492985076,17.212737301118615,30.693840873104886,31.96279150213843
S1,approach_white_container_handle,0.29,438.2379815306374,-0.8946634540459906,493.88226214236533,439.01370048377964,-0.6464023057189244,491.1434042122485,17.049139507090416,31.815571494556934,32.21250029839974
S1,approach_white_container_handle,0.3,440.1975013974241,-0.7171503069724388,494.86385474778035,440.5674330937144,-0.574183187852946,492.14518088029104,16.99858561147591,32.280927401479175,32.55953564988195
S1,approach_white_container_handle,0.31,442.04368221002875,-0.3259688292264552,495.9893512682613,442.0528795763915,-0.48377073098062234,493.17335325563363,17.07597900641646,32.46252233548424,33.48276187488928
S1,approach_white_container_handle,0.32,443.3446696512193,0.12878660802304753,497.2732094106142,443.503842773591,-0.40435602464332554,494.15793435215016,16.898654935778815,32.723685238393315,34.90073421619753
S1,approach_white_container_handle,0.33,444.48073727023257,0.37174906919924966,498.04220873251603,445.00634005390174,-0.2855432422831972,495.05278042318787,16.938262537906297,32.67264423965329,35.77056637383418
S1,approach_white_container_handle,0.34,445.62106297088803,0.14870777703526233,498.77428307895843,446.54459220039877,-0.24810188810232653,495.9870438672919,16.910271647996133,33.369569608543394,37.00137620514061
S1,approach_white_container_handle,0.35000000000000003,447.24460812243717,-0.6639784157475552,499.5098415126796,448.08180115730886,-0.2108338607445083,496.9315534317969,16.26844918813558,33.97274683283694,37.391604657936654
S1,approach_white_container_handle,0.36,448.9095378173635,-0.6551862212083379,500.17743695058334,449.6341370341978,-0.19397486007783407,497.85299557225414,16.13234943934939,34.113156439572876,37.92539077545182
S1,approach_white_container_handle,0.37,450.5796898741527,-0.07878272326544308,500.8298937874482,451.20221886836424,-0.2161759628727108,498.76530977028773,16.343142490738515,33.962404949858936,38.5110901923696
S1,approach_white_container_handle,0.38,452.1149644778186,0.6215675453087739,501.3711377486552,452.78698825212456,-0.25724864848593076,499.6625876615174,16.617122503501,33.8559434151895,39.03562368430403
S1,approach_white_container_handle,0.39,453.4979857346667,0.1054896092056537,501.73138448146665,454.3768002418564,-0.3097378027876759,500.56607826626185,16.326673668837657,34.42174022328499,38.892990480809814
S1,approach_white_container_handle,0.4,454.5310044443395,-0.5680211356211862,502.41118427612275,455.9641071477788,-0.3750969215137161,501.4710311139057,16.4875928471033,35.02249522512267,39.103901063929946
S1,approach_white_container_handle,0.41000000000000003,455.58565860400716,-0.8283987548109878,503.39466641602564,457.56164998620443,-0.4440759593107511,502.3828684195449,17.039785524285016,35.360898128477245,39.53471310262052
S1,approach_white_container_handle,0.42,456.9682595208742,-0.8117935232869103,504.4134684169776,459.17121148325515,-0.5036815723458334,503.29572845137824,17.7067251803767,35.395278254096574,39.87748509511224
S1,approach_white_container_handle,0.43,458.25355548712724,-0.7547661335281199,505.29591811468606,460.7345941756333,-0.6153897228001132,504.22867689857304,18.433035637759346,35.46036413332647,40.126084754620734
S1,approach_white_container_handle,0.44,459.00207034055177,-0.9224009500588121,506.15958884728946,462.28468474390615,-0.7490290962870312,505.12871309610614,19.00332469789516,35.929610317236126,40.51187931624723
S1,approach_white_container_handle,0.45,460.3082975489725,-0.9274417519549896,507.02428998630023,463.85189158069187,-0.8556619970048386,506.00545385424357,19.430113150266664,35.750379144629505,40.763944953957434
S1,approach_white_container_handle,0.46,461.79302811828995,-0.7793673158851809,507.8957107170228,465.43880743550767,-0.9489312728754313,506.87056214490644,19.810613756278315,35.30055143672434,40.95095855834552
S1,approach_white_container_handle,0.47000000000000003,463.14677930118773,-0.49839686981588077,508.80802317767984,467.0461436587464,-1.0191983185000253,507.71306529341524,20.06391089305469,34.928072961005995,41.19537438380223
S1,approach_white_container_handle,0.48,464.4994538571765,-0.17746699128193788,509.7741912600726,468.6692181282316,-1.1033756744871337,508.5420689894631,20.17618635584428,34.55494077607094,39.99061332636926
S1,approach_white_container_handle,0.49,465.9222481357032,0.26095596420325373,510.7937080795921,470.2982764284973,-1.1865375543471748,509.3466860104589,19.654510724257772,34.04115484251637,38.82136691912906
S1,approach_white_container_handle,0.5,467.5405958021472,0.8746718117080213,511.7584519633324,471.9168230822146,-1.2555627989353157,510.1340152841351,19.676120376095966,33.12764583328571,37.89759953657151
S1,approach_white_container_handle,0.51,469.2279796463518,1.407796278842437,512.5107641387237,473.5339324915051,-1.3239229147659728,510.9102503174402,19.88415580773085,32.548302434706265,37.07136737119174
S1,approach_white_container_handle,0.52,470.9348473651465,1.8355500271501786,513.1689600240487,475.16154752501353,-1.4123371278825667,511.69693372362855,20.075659072176713,32.51140358606757,36.30325820742771
S1,approach_white_container_handle,0.53,472.6605616608732,1.7008965371974045,513.7747824186135,476.8202208057385,-1.5073066723398667,512.4655023624238,20.240880842126042,32.23021272170482,35.83223437187205
S1,approach_white_container_handle,0.54,474.4239872414255,1.3564955919439718,514.6019627848864,478.49597335396936,-1.6018474103394014,513.2444560586811,20.58422576391174,31.735069020331398,35.585472050408825
S1,approach_white_container_handle,0.55,476.5453742854526,1.1308858158096609,515.6853352235905,480.1698259063923,-1.6986695743923652,514.0227488776616,20.89347376485879,30.979856156494996,35.28291421945293
S1,approach_white_container_handle,0.56,478.3830607980691,0.9622812562948544,516.7002666285873,481.84149790386266,-1.7713248655112275,514.813359220346,20.932929981079226,30.111474749822083,35.229526747027585
S1,approach_white_container_handle,0.5700000000000001,480.24932823845506,0.6728677401889256,517.5924020084476,483.5241079552676,-1.8274091187187815,515.6098826910452,21.067368679462554,29.33513163354018,35.0986030148455
S1,approach_white_container_handle,0.58,482.0178379700718,0.14013854022633834,517.9411263320537,485.2186782374649,-1.8635180175417256,516.388834229284,20.96603157866214,28.437429076822404,35.074643978188824
S1,approach_white_container_handle,0.59,483.7776572885608,-0.3717342037202575,518.0745838350199,486.9160252154818,-1.915235131480429,517.1453541408077,20.451857458730654,27.481471591257595,35.10390036308072
S1,approach_white_container_handle,0.6,485.55257781948876,-0.8439324284815857,518.2300498673135,488.60874715474836,-1.987436529653704,517.9162050875805,20.14398495343088,27.148920883186282,35.145216573567176
S1,approach_white_container_handle,0.61,487.32177870245914,-1.3615686059947052,518.6540841727887,490.31365063620717,-2.0577753577255455,518.6710652530359,19.877776863066384,27.165668970077203,34.910424129166515
S1,approach_white_container_handle,0.62,489.10352799743197,-2.098952370255084,519.9302338516239,492.0401330891578,-2.107592781500035,519.3878553111048,19.603968793435627,27.975353851120104,34.69482130976062
S1,approach_white_container_handle,0.63,490.91359094415816,-2.5142328276844275,520.7427763029343,493.774928460881,-2.1401283877910626,520.096428717757,19.41429486894255,28.582612729822028,34.35283245869068
S1,approach_white_container_handle,0.64,492.7488427186271,-2.612166139388048,521.4518074673496,495.53893889245484,-2.159648104976925,520.7704467389112,19.15167615169377,28.958526341199978,34.25579316534899
S1,approach_white_container_handle,0.65,494.5889832528119,-2.6365392108968253,522.1235721429475,497.33576213749416,-2.1758544736534726,521.3667793125708,18.976632452683543,29.492655605512134,34.268625609489746
S1,approach_white_container_handle,0.66,496.43256646720323,-2.4979506979113815,522.7717611393333,499.14558228802287,-2.1936450329040116,521.9025137804188,18.877308719281274,29.760632699399135,34.392587104776666
S1,approach_white_container_handle,0.67,498.2659159896582,-2.277461373068021,523.4086832091386,500.96418569842695,-2.2019846155198466,522.3924552107771,18.808998494065065,30.08054836007069,34.487299293985
S1,approach_white_container_handle,0.68,500.09483401025165,-2.006795751850979,524.1125079841249,502.7713932043095,-2.1990018026074525,522.8989199642755,18.77306617295566,30.22781049679464,34.613067652729775
S1,approach_white_container_handle,0.6900000000000001,501.9185351161474,-1.7076210186652476,524.9759130330199,504.5800236595097,-2.1924819301188787,523.395154956502,18.81919258667245,30.45306701606944,34.758930050871875
S1,approach_white_container_handle,0.7000000000000001,503.7471411262784,-1.3306344512482737,525.7346180521672,506.39792988206744,-2.165951927813178,523.8570608360944,18.94795792080066,30.472980345783398,34.63518845171065
S1,approach_white_container_handle,0.71,505.5891381895399,-1.166754901375736,526.4486616948451,508.22597828601636,-2.1119034302672923,524.2619102821704,19.27273933596603,30.39251288946055,34.482284697102486
S1,approach_white_container_handle,0.72,507.4414327024799,-1.2587173538832888,526.8567861984326,510.0495693314723,-2.0241155856706934,524.630372469734,19.223312205939166,30.515340815473355,33.96926635574602
S1,approach_white_container_handle,0.73,509.29823473797,-0.8370711728591375,527.1883834045019,511.8805510191109,-1.897838226198331,524.9907042740239,19.525767968166228,30.761098726715257,33.39554450264343
S1,approach_white_container_handle,0.74,511.1485891617673,-0.23522606574400168,527.5012000726163,513.7182935233682,-1.7306443093709534,525.3368754006801,19.79737528665151,31.03765229622968,32.8153931408447
S1,approach_white_container_handle,0.75,512.9869230781673,0.18735501389533124,527.7366011201311,515.5614042142084,-1.5107360500967197,525.648807909048,19.670756925255436,31.28083212790639,32.24642000283455
S1,approach_white_container_handle,0.76,514.8165129066135,0.5798168574385443,527.6826476949841,517.398663683336,-1.263675101009369,525.9216166454156,19.881604869522377,30.61865347300106,31.86529924624151
S1,approach_white_container_handle,0.77,516.6434916792879,0.9930714279502039,528.1365764822697,519.2356887896286,-1.0089710147892468,526.183041889533,20.204549397616642,30.39959961146225,32.077614364655034
S1,approach_white_container_handle,0.78,518.4748329941852,1.4576914364493399,528.581915538866,521.0632192113142,-0.7378504604291943,526.4569769772953,20.75032785943022,30.640941676073087,32.37792793191766
S1,approach_white_container_handle,0.79,520.299905230379,1.9841194163175646,529.2250529490642,522.8812959657121,-0.4596482687970716,526.7343784704595,21.40320671689659,30.883915576287762,32.74877356574855
S1,approach_white_container_handle,0.8,522.115358857021,2.56311290691834,529.8040903579291,524.6937670469158,-0.18637648502781376,526.9800963527864,21.54779269436121,31.136154054136604,33.010295233925156
S1,approach_white_container_handle,0.81,523.9300828925536,2.8541480634385206,530.090597802319,526.4895039213502,0.10626875983783503,527.2078288907554,21.813110794212164,31.332294916751646,32.881286497204734
S1,approach_white_container_handle,0.8200000000000001,525.7468503784809,3.0010035666405264,530.2804376473016,528.2766034090926,0.3911286563610948,527.4186867837486,21.867941774151454,31.506355397583505,32.620724215426385
S1,approach_white_container_handle,0.8300000000000001,527.5757228957067,2.7715682467902356,530.1768926317084,530.0991624507734,0.6050850654155779,527.581880877464,22.055275157670387,31.4381420297324,32.15496845150669
S1,approach_white_container_handle,0.84,529.3097750719947,2.1046072766122017,530.1608718024431,531.9204400169284,0.8198505789009077,527.6983471820951,21.97087731712445,30.350087650468023,32.077919891156114
S1,approach_white_container_handle,0.85,531.115458287994,1.7813324389882705,530.1885550583095,533.7397272858781,1.0354095689129967,527.7917720540058,21.460722892573123,29.14510356481989,32.13936403189992
S1,approach_white_container_handle,0.86,532.9538978868771,1.7416619861173765,529.97591807669,535.5619021406197,1.216179532732953,527.7949081423166,21.086513809388528,28.560617011210145,32.25019864733239
S1,approach_white_container_handle,0.87,534.8163040170142,1.935433227032196,529.6428989498115,537.3887288761206,1.3696100260761122,527.7528522350232,21.35469067293574,29.1608561421439,32.35424808702464
S1,approach_white_container_handle,0.88,536.695241772014,2.285530902966458,529.2665770963265,539.2176241937684,1.5371372205976657,527.6298640785973,21.500960936810976,30.239966820509906,32.384780699989136
S1,approach_white_container_handle,0.89,538.5831470281969,2.6062045262659046,528.9644108439051,541.0497550078951,1.7255311703077783,527.4466974604251,21.423328051735396,30.666786590676864,32.60542372165412
S1,approach_white_container_handle,0.9,540.4779336985275,2.875829362735665,528.6861765114155,542.8838645087197,1.9296490940919317,527.2135860896684,21.14518811405717,30.174875333410625,33.0659460132356
S1,approach_white_container_handle,0.91,542.3740992830967,3.107541345664443,528.4311675398735,544.7070686294669,2.1094576092434636,526.953680304226,20.961339811966937,29.63497564551485,33.319281641025746
S1,approach_white_container_handle,0.92,544.2505626717095,3.2806704409839824,527.7599250622263,546.5036453236444,2.2703207172692426,526.6593635809253,20.904365100714507,29.54574082698902,33.16909421648273
S1,approach_white_container_handle,0.93,546.0109888838659,3.374481500773066,527.0691777946477,548.210541468268,2.3887383938969866,526.4093797109357,20.89250295961788,30.00097695892797,32.89685374827839
S1,approach_white_container_handle,0.9400000000000001,547.6571244217448,3.2479697178462574,527.039138505498,549.8294688581205,2.4923650523639798,526.2396519407241,20.66655711295438,29.623305411219157,32.929088129360025
S1,approach_white_container_handle,0.9500000000000001,549.4801130957532,2.6348504093130565,526.7150281665736,551.3875014944098,2.5129312791613994,526.043061116119,20.601537848729812,29.11555168932493,33.791956425810014
S1,approach_white_container_handle,0.96,551.2910581763869,1.773188136694626,526.8089326719844,552.7711612272975,2.450216892430271,525.8270532635094,19.937000968651212,29.43107508112483,34.747301479129575
S1,approach_white_container_handle,0.97,553.3189608450747,1.1892154428931758,526.9381127438012,554.033352874319,2.20299085177038,525.5811670340288,19.59429020816784,30.01087945628943,35.94064847920722
S1,approach_white_container_handle,0.98,553.629720185618,0.05264810310413126,526.3006402972867,554.9549059308422,2.103815036580242,525.2815671935572,20.163777623120396,29.6975571736921,35.76846616627631
S1,approach_white_container_handle,0.99,554.137663850013,-0.42250275837989487,526.1443014897432,555.540796100243,2.0018617765012943,525.1082128330622,19.341269636791033,31.35614606946507,35.858590704362946
S1,approach_white_container_handle,1.0,554.2467651367188,0.6170869022607803,525.8998107910156,555.9148681640625,1.949530906478564,525.0093861897786,18.326712530673188,30.016895582325443,35.210018047050106
S2,manipulate_white_container_open,0.0,554.2467651367188,0.6170869022607803,525.8998107910156,555.9148681640625,1.949530906478564,525.0093861897786,18.326712530673188,30.016895582325443,35.210018047050106
S2,manipulate_white_container_open,0.01,555.6838744976164,2.1830310921997973,522.7922109615546,557.2223270944104,2.6957852280351413,522.7150725062825,17.4965398576187,28.903538951602506,33.746224444076525
S2,manipulate_white_container_open,0.02,557.2136060250942,4.263585055062713,518.6105335689306,559.0208552366526,3.8916601180170045,519.2099732450406,18.953846928414073,30.812183394016856,32.72258395376474
S2,manipulate_white_container_open,0.03,557.771677023383,5.222556433532947,514.7798051387542,561.1546541968784,4.918012267056685,515.6455329716264,19.124525755552753,29.990120880870084,33.85785814418127
S2,manipulate_white_container_open,0.04,559.3261779553281,6.505083354173208,510.66605037430026,563.5034448632179,5.639073943583989,512.0835471560164,19.1470858191245,30.01142298445508,35.168128048802956
S2,manipulate_white_container_open,0.05,561.3730476887938,7.0263206165847425,506.4213455510986,565.8096536507038,6.193595820097884,508.5178876944549,18.934041695687604,29.857782261154618,35.85543996285655
S2,manipulate_white_container_open,0.06,563.4896691430947,6.674626410692678,502.3788976357579,568.0310785999249,6.776826911265711,504.79079337046255,17.822512156251037,29.662502281721512,36.07241121162892
S2,manipulate_white_container_open,0.07,565.2939668740311,6.567453515879636,498.3401141375157,570.1216589395633,7.350266956275338,500.8511534402905,17.71540182979792,29.892485559602125,35.92114739462668
S2,manipulate_white_container_open,0.08,567.5249070664432,7.390840136678734,494.4212470744949,572.1152714149225,7.700775679288872,496.82215813978587,17.718391708794307,29.819148293103325,35.21297572842946
S2,manipulate_white_container_open,0.09,569.4913234487244,8.758266466215247,490.83953887959467,574.1460399618425,7.612878301603257,492.90760735934236,17.042178447568336,30.00738480597346,35.798463153235275
S2,manipulate_white_container_open,0.1,570.64127815501,9.338984940041474,486.94421136933005,575.874322859339,7.455596340757562,488.8038314719596,16.692926845716762,30.160259457922592,36.73414531546206
S2,manipulate_white_container_open,0.11,571.2963203081797,8.867417699222198,482.7043969101942,577.3360811193762,7.438079512012105,484.6614441026568,16.67757392595599,29.627332164271184,38.429634362153664
S2,manipulate_white_container_open,0.12,574.4576620491572,7.997192165397765,478.8132066958519,578.5459650964439,7.461051709730583,480.82242986556474,16.80038555273891,31.373075751049814,39.783345794838965
S2,manipulate_white_container_open,0.13,576.0208901531171,7.722388473206489,473.88836729939374,579.6421538161976,7.295087968928541,477.4163368433666,15.57490367573445,27.857735478108324,42.751493493915106
S2,manipulate_white_container_open,0.14,577.5823607420244,8.063396762514774,469.74469308383357,580.6834899379272,7.150188124051634,474.42741529846444,14.801968049962337,27.977252785325806,43.729110600495396
S2,manipulate_white_container_open,0.15,578.6588746698511,7.432659844781767,466.3876459391214,581.3771363849056,7.029365831114124,472.19112422391584,14.855141250578882,27.446958336753966,45.1784041785046
S2,manipulate_white_container_open,0.16,579.3458190671056,6.902418597358631,469.7113028932366,581.8395676891404,7.006826496138976,471.4003919817986,15.053932104508686,24.659716031057094,43.134174157915474
S2,manipulate_white_container_open,0.17,579.585676937226,7.1313730269504365,471.9252962357858,582.3333308536563,6.964706548392154,472.0814500348571,13.03551520250071,24.75705120881539,41.05622278562249
S2,manipulate_white_container_open,0.18,579.3215916661879,7.20913592547555,473.9422620357969,582.755538882643,6.679763269380492,474.27802609546274,11.939041849128408,25.93744312924511,40.66200867055853
S2,manipulate_white_container_open,0.19,579.3549919800207,6.608858751046405,474.55281522426003,583.1254593989231,6.45244314744821,477.19751752975304,13.933755648218465,27.661933345383645,41.966470944335526
S2,manipulate_white_container_open,0.2,579.7128378573835,6.06384857709114,479.03122177914133,583.5766956932974,6.0641056544174265,480.6487621587672,15.0816202854794,26.694739432878173,42.03411537919822
S2,manipulate_white_container_open,0.21,579.8439262240233,5.753920680280462,483.51854153023896,583.8531875670111,5.54195642432973,484.41024018570005,15.403609263307526,28.83358191138962,41.64236630659101
S2,manipulate_white_container_open,0.22,579.8871724192358,4.2715649711973365,487.9674973575448,583.8416866793524,4.909393825009513,488.68583127544537,15.745952768031167,30.34796064803298,40.00653629438301
S2,manipulate_white_container_open,0.23,579.9710558211812,4.130928280014492,492.4135542023307,583.6762620619913,4.426698416582008,493.03016839993694,16.221297564804033,29.91724516374002,38.55855287865347
S2,manipulate_white_container_open,0.24,579.6211558237723,4.109739343667222,496.16985672226383,583.4708938462984,4.037502923975251,497.3782896296627,15.505000950969862,28.818574320150002,38.85751524024628
S2,manipulate_white_container_open,0.25,578.9405953439198,3.942345046958514,501.00294487551287,583.1474343694128,3.6712931152941404,501.7126275518677,15.622250187917736,28.660292796570634,39.87481551395302
S2,manipulate_white_container_open,0.26,578.3884841174155,3.904492863410768,506.00668551177745,582.7631059022996,3.439134284878183,506.2538728105791,16.101139889374412,28.671273250598684,40.64677163785262
S2,manipulate_white_container_open,0.27,577.8199582909174,3.685043195345119,510.98667317453146,582.3116982209558,3.1932048300700004,510.92963807167934,16.447815095622907,28.70029893496596,40.96246385548754
S2,manipulate_white_container_open,0.28,577.820781063521,3.5333589778265884,515.967613652686,581.7666681593139,2.925614430881409,515.6044122100631,16.31073849581646,28.60385229479733,40.7071378771945
S2,manipulate_white_container_open,0.29,577.4943579104463,3.2634506810207244,520.5646414202411,581.1072745978622,2.6430566976995675,520.2647379643728,16.149384444449932,28.551548665992943,41.00411136710912
S2,manipulate_white_container_open,0.3,577.2344630103137,3.048941065401362,524.946177465634,580.3879821155984,2.343779417437232,524.9064767078472,16.63971832113606,28.333566700608753,41.702441742675916
S2,manipulate_white_container_open,0.31,576.8658329828356,2.3153639635782195,529.342174386149,579.6028715454252,2.058475083478903,529.5370381087189,17.044555608254136,28.1196166964816,41.793674859937006
S2,manipulate_white_container_open,0.32,576.1697325140192,1.7801481796535479,533.7455608616979,578.6663764891343,1.7624388660130317,534.1357287422287,17.95518159142128,27.85339320016348,41.65401747246696
S2,manipulate_white_container_open,0.33,575.4648837919435,1.4620191142354182,537.8419816365804,577.5549078719056,1.4144708043173335,538.6810788225883,18.696871450876635,27.34321956999882,41.73854766785588
S2,manipulate_white_container_open,0.34,574.2647568339396,0.7770003208445904,541.8777420827878,576.2256723260737,0.964688988267416,543.1087156511957,18.895596710865192,26.881412027150002,41.84807863766934
S2,manipulate_white_container_open,0.35000000000000003,572.365492460548,0.06257499236782396,545.8410715083594,574.6370281947063,0.5392850969064917,547.3908007406354,18.575496673337785,27.49862840780706,42.008272445276226
S2,manipulate_white_container_open,0.36,570.4980466324821,-0.13646146951564014,550.1635607011933,572.7969845848015,0.20153631703518465,551.5023720774219,18.365221750811507,28.95423571062962,42.06735980569809
S2,manipulate_white_container_open,0.37,569.0530314290427,-0.6756961217810885,554.3014947740755,570.7381712789642,-0.10324300142369121,555.4247376669796,18.722705577485808,29.7430740472987,42.6320778619839
S2,manipulate_white_container_open,0.38,567.0990392498861,-1.342014490915107,557.8947616111891,568.4606208810825,-0.45684341032658543,559.1692651636088,18.13251661395916,30.654124393253255,43.36336950252351
S2,manipulate_white_container_open,0.39,565.008898497046,-1.7185712703888543,561.0690539517658,565.9407539422432,-0.9116906023104617,562.6876458745514,19.7596804687445,31.268709983491707,44.23622029452974
S2,manipulate_white_container_open,0.4,562.7821509840226,-2.515519071659241,564.2217243397806,563.1179386111639,-1.443841752087811,565.8436792637083,20.38531223050303,31.179978037067208,44.97344004067428
S2,manipulate_white_container_open,0.41000000000000003,559.8537506786731,-2.599683446157977,567.4965622714005,560.0701187683932,-2.007029850852845,568.6996160367383,20.862265959756954,30.85923444454398,45.124037790409425
S2,manipulate_white_container_open,0.42,556.7481083655393,-3.1948176293478374,570.0079490615226,556.7258334387467,-2.6626350978323416,571.1526510716748,21.484824160398126,30.686145227938464,44.943429791917914
S2,manipulate_white_container_open,0.43,553.2223611314025,-3.729484293417982,570.8123067150013,553.1389861325736,-3.5346040887787806,573.1738072170136,20.763971997805335,32.704034177916725,45.27339238488118
S2,manipulate_white_container_open,0.44,549.0205621073774,-4.585951792848436,571.798987488878,549.3669693147947,-4.578196795883385,574.7590406120421,20.907349769987015,32.110076694104244,46.43472361293195
S2,manipulate_white_container_open,0.45,544.8830101126118,-5.665263749228236,572.8231168295833,545.3298633307135,-5.609329074799556,576.0120521406595,21.66883066899009,31.039511945342753,46.487282843816644
S2,manipulate_white_container_open,0.46,540.7251978057316,-6.157494998837521,573.6835184864996,541.1123667954658,-6.677138007335964,576.6844947419597,22.681467208678256,30.8414012965008,45.955838534047885
S2,manipulate_white_container_open,0.47000000000000003,536.4448150803257,-6.365250640000603,573.8802190382196,536.7902240962769,-7.68503009255327,577.0502398720305,23.794161432817518,34.175137203468005,45.50199004037042
S2,manipulate_white_container_open,0.48,532.0857457355164,-7.007291102620783,574.1617468247625,532.3777763493958,-8.568347951712092,577.3628314980926,24.128284914662427,34.07029131418767,47.14696771235983
S2,manipulate_white_container_open,0.49,528.3462679491779,-7.970674576817048,574.7601802373647,527.9011560418372,-9.345421871866419,577.6604463438805,24.73864532000087,33.386959534055244,49.00360180153079
S2,manipulate_white_container_open,0.5,523.9325583827554,-8.599716513223523,575.262582680629,523.355106079839,-10.025989518196136,577.8250345531513,24.699393869074008,33.22338809664561,50.425684594599204
S2,manipulate_white_container_open,0.51,519.0794269848017,-9.515751193470997,575.7063755051115,518.7752898810386,-10.574158405909797,577.7394408251704,24.43284709017579,33.32141704582501,50.627067523841156
S2,manipulate_white_container_open,0.52,514.1141417947912,-9.601331304372042,575.6655094254238,514.1712896853318,-10.994806344452781,577.5163561425704,24.69828852287832,33.487569322581365,50.46676645045079
S2,manipulate_white_container_open,0.53,509.32104640879317,-8.97307041313397,575.4195550848239,509.55579810648203,-11.294704912023834,577.2634672897447,25.45492298274289,34.29500247910885,50.25897269444314
S2,manipulate_white_container_open,0.54,504.55932731974326,-8.665446400475046,575.1593191618999,504.9675474377819,-11.506889895601164,576.9483442956171,24.98859244610884,35.52370224206514,49.170337095437034
S2,manipulate_white_container_open,0.55,499.98185170310967,-8.692873813696819,574.6970971955868,500.42898001628487,-11.725157096571786,576.5437242838381,24.83555802587697,35.990925786943876,47.55852985992965
S2,manipulate_white_container_open,0.56,495.415221367488,-8.806294843831385,574.5514573438487,495.93748362998855,-12.053887405627684,576.2266735872493,24.582689598833596,35.81847897668221,45.65535678152966
S2,manipulate_white_container_open,0.5700000000000001,490.92278326179655,-9.107737449563142,573.9725338903056,491.55756193126047,-12.485751708587932,575.7552541660424,24.897553899738476,34.906975993306,44.13627551147162
S2,manipulate_white_container_open,0.58,486.78173234999724,-9.238919798979314,573.5174938988634,487.23560005171214,-12.72975831003425,575.1746078061569,24.968771804375557,34.30130108177732,42.84574635032036
S2,manipulate_white_container_open,0.59,482.1462708741137,-9.103077391890643,573.2541807746288,482.84313657593935,-12.893106585707534,574.6283557295137,24.784457329190033,33.94718067657596,41.89814544664608
S2,manipulate_white_container_open,0.6,477.7036961570303,-8.882471611173361,572.4647147389994,478.40061362222684,-12.965273624093108,574.1219368196348,24.985083325289178,34.23882898515746,41.27780037178124
S2,manipulate_white_container_open,0.61,473.08643155091266,-9.36345864193117,571.448132270318,473.89661062952644,-12.961639382412931,573.6941845720055,26.0382786632947,34.966900736724504,41.40019778652805
S2,manipulate_white_container_open,0.62,468.5408591431202,-8.72787258629235,571.9144019274393,469.4186907350468,-13.02518273828274,573.1819448015679,25.644729596859385,35.63250502058888,41.78202576794302
S2,manipulate_white_container_open,0.63,464.2788081971881,-9.504869173820286,572.2458970106474,464.9527110597129,-13.105621181624478,572.4846353222201,25.128556656921145,36.311356486638026,41.46051175014969
S2,manipulate_white_container_open,0.64,460.055609000148,-10.851275101828008,571.6798792056677,460.4778370749174,-13.158706658826448,571.6216623083776,25.94653932597324,37.149044684084714,40.6757523766326
S2,manipulate_white_container_open,0.65,455.8068599162689,-11.825183656744674,570.9517893393183,456.0365174275917,-13.1328587131857,570.607359659641,25.853041145830808,38.12926952392389,39.977288249323
S2,manipulate_white_container_open,0.66,451.3777692427552,-12.528275993427094,569.5906516968007,451.5804969931673,-12.952565250880054,569.619298743294,25.637469363539665,38.92066767586275,39.726948278091776
S2,manipulate_white_container_open,0.67,446.8764127753968,-12.912862095279456,568.2838258369537,447.12840650873386,-12.654675369557308,568.6380686734032,25.6847939716164,38.86365511533521,40.15489570761022
S2,manipulate_white_container_open,0.68,442.3651907750607,-11.870526976866586,567.2376200672475,442.663103458368,-12.328356129176685,567.7132347612769,25.732342628332518,39.261082501746344,41.12293881285847
S2,manipulate_white_container_open,0.6900000000000001,437.69168099780126,-10.333005806824344,565.9049664849567,438.2080049570548,-12.0327689667207,566.7507526007971,26.059722473162765,39.67004978587177,41.98840724418123
S2,manipulate_white_container_open,0.7000000000000001,432.79082378739315,-10.649813356421344,564.3840608133925,433.7481332551801,-11.784193385614726,565.7176830459794,26.505314494785196,39.3025288734189,43.681400352686374
S2,manipulate_white_container_open,0.71,427.890304962182,-11.645004617991676,563.3227256833006,429.28340092402453,-11.569408010283984,564.639796923833,26.966595999727417,40.130495800130625,45.6851439161283
S2,manipulate_white_container_open,0.72,423.02067133590754,-12.470632266699305,562.496192875476,424.82412608488266,-11.310991350221451,563.5250366671189,26.739424023143556,41.47526258837779,47.67872511997388
S2,manipulate_white_container_open,0.73,418.14875623854516,-13.110024492743673,561.2735457048461,420.37186736282433,-10.987071946994446,562.3522614258036,26.701091716984095,42.588700040828286,49.56344313807547
S2,manipulate_white_container_open,0.74,413.2659506261823,-11.812905793950303,559.8437286005951,415.945191567776,-10.560774096585302,561.2002604489603,26.512218253436508,43.857802530182525,50.45795552622476
S2,manipulate_white_container_open,0.75,408.349782904674,-9.941253947059643,558.7878583385911,411.5433616602638,-9.971764623257398,560.1071191005026,27.197127116161703,43.746316862337565,51.973923757167704
S2,manipulate_white_container_open,0.76,403.6830191281267,-8.629447011830235,557.9250445242625,407.16454797553314,-9.282198220294616,559.0248516391722,27.805353477108056,44.704680549929265,53.256121104456895
S2,manipulate_white_container_open,0.77,399.14156948203777,-8.292404022132963,556.2559921321724,402.81365468890107,-8.620436605692243,557.9281345257367,28.17337337210283,46.599271371233286,54.48382037209695
S2,manipulate_white_container_open,0.78,394.6150323566626,-7.881670708420795,555.0540132219498,398.4930971718898,-7.99132968518318,556.7404950381153,28.39520905160102,48.08635219267528,55.742740937466
S2,manipulate_white_container_open,0.79,390.08335283473025,-7.810149509065828,554.1413128890009,394.21211144513444,-7.423829269881522,555.3672688976906,28.264118758959285,49.41992211689482,56.86896361858786
S2,manipulate_white_container_open,0.8,385.62571482030717,-7.061381542414367,553.2169469802207,390.0093369323443,-6.863346938862179,553.8703653375524,28.713771373891845,50.51010021067304,57.77801055795051
S2,manipulate_white_container_open,0.81,381.4757744948648,-6.424353522485644,551.9645225695554,385.781226982978,-6.363986339795445,552.3423058199397,29.427590971678654,51.20974293551689,58.27162527494476
S2,manipulate_white_container_open,0.8200000000000001,377.52977240100427,-4.716141054837985,550.7670408778937,381.5849240681945,-5.961823886011443,550.7918306408851,28.678929337259845,49.53960999495711,58.45383194273456
S2,manipulate_white_container_open,0.8300000000000001,373.72736434604167,-3.2024955991248762,549.5709984443522,377.4411766104834,-5.579488851458105,549.1603587826654,28.914001826635356,47.54214212820582,58.48075578271008
S2,manipulate_white_container_open,0.84,369.9746318847908,-1.9629011340063771,549.0046780312737,373.3236593843633,-5.206480530515956,547.439039087261,29.698608978925215,47.292007090133744,58.46345827149273
S2,manipulate_white_container_open,0.85,366.44013531263886,-0.5854165841096136,547.762648919366,369.2472099966388,-4.835218515567044,545.6535639950517,30.36645118958202,48.01631168045351,58.38204291858159
S2,manipulate_white_container_open,0.86,362.9424427580857,-0.3066919516639913,546.6748701457068,365.3018809911403,-4.4768712001404625,543.740104101391,30.65030379844062,48.66162962242642,58.40538809189134
S2,manipulate_white_container_open,0.87,358.78696181670136,-0.5354984823152109,544.0275896788299,361.5199211657057,-4.187199705252647,541.5829310447291,30.636468781954633,48.18030799141151,58.94037858548805
S2,manipulate_white_container_open,0.88,354.9848807059166,-0.29247520969593604,541.6923885899744,357.99185576727615,-3.8774518322725204,539.2033376086849,29.886352232305434,48.18769691111072,59.24025296457057
S2,manipulate_white_container_open,0.89,351.7254802402483,1.1440204103824216,539.2411266178073,354.62205663176064,-3.448471080274882,536.7732471299373,30.210376232653744,47.69797258209337,59.13730874563248
S2,manipulate_white_container_open,0.9,347.5824614620883,2.0730610555440574,537.4117675013852,351.40307265356904,-2.9669958545894883,534.2814991586137,31.885086386413406,47.847491893764996,60.027953862822656
S2,manipulate_white_container_open,0.91,343.4916829270079,1.9173486087157152,535.7944097379518,348.2917434636113,-2.4724881522289555,531.7875870806599,32.27143136642536,49.58931779714769,60.37223225714246
S2,manipulate_white_container_open,0.92,340.15113644786805,1.6686036906331583,534.5780615190422,345.37927919797795,-1.8698261501464044,529.1635436498283,32.28238910533291,51.45110810826396,60.320159235249065
S2,manipulate_white_container_open,0.93,337.1887955447388,1.925654504497716,532.1411634853165,342.5525995123965,-1.3702352107403373,526.3500060017016,31.463643044547794,52.627509409904796,59.808801551698515
S2,manipulate_white_container_open,0.9400000000000001,334.8365620869836,1.7948156573917444,528.7407329493856,340.09225206894456,-0.9320085273820264,523.5701566307891,30.260073259172135,52.31163087430225,59.135186894658275
S2,manipulate_white_container_open,0.9500000000000001,332.41299437079465,2.413560731559454,524.5994968459075,338.1530911440807,-0.43024106677295665,520.6993586017978,28.933218658185375,55.69666120300798,57.3544192419577
S2,manipulate_white_container_open,0.96,331.8978468360142,2.1048785382571125,521.1721366001432,336.5937833305754,0.1955288898105824,517.5296654421392,28.87462117903806,54.9240794282063,58.210695466458716
S2,manipulate_white_container_open,0.97,332.2041782923458,1.6863963181771846,518.3264054640995,335.1807975911115,0.6887903207389208,514.5591230984993,28.473118236892244,52.16003449026081,55.240142009395136
S2,manipulate_white_container_open,0.98,330.2238746514736,1.0867469408293244,514.7766313917457,333.7744275985343,1.0873741737985525,511.71193633524683,28.623797200731353,52.50407297738614,52.91716277601155
S2,manipulate_white_container_open,0.99,329.179621401397,1.3550013940608698,512.0757352809441,332.81717988664747,1.7419842999916653,508.74719565866144,28.029078040808805,51.755677736829696,53.71909331241572
S2,manipulate_white_container_open,1.0,329.7906494140625,2.4328553676605225,510.61993408203125,332.7337137858073,2.155230083068212,506.8071787516276,25.847949950902645,50.550801134066454,53.19320454047388
S3,approach_blue_block_on_black_table,0.0,329.7906494140625,2.4328553676605225,510.61993408203125,332.7337137858073,2.155230083068212,506.8071787516276,25.847949950902645,50.550801134066454,53.19320454047388
S3,approach_blue_block_on_black_table,0.01,330.35893209540006,2.8396177253869612,509.70637729274307,332.8379532818846,2.536977959447961,505.13941111306127,26.141863971911473,50.884463484818546,52.89940124608179
S3,approach_blue_block_on_black_table,0.02,330.6873581414874,2.975734241360981,507.9056682525162,332.95794693775457,2.7824710031266773,503.37787539149247,26.245037518445415,50.36220298092711,51.68698889523064
S3,approach_blue_block_on_black_table,0.03,331.05513548509884,3.377510278036726,506.11459680308826,333.1221097268959,3.1224451855562245,501.6521719048376,26.300996605389,49.49916338717074,50.452528271536295
S3,approach_blue_block_on_black_table,0.04,331.48240601351404,3.9086517479072076,504.33437477348104,333.3029733183113,3.5966674287814726,499.9439272974134,26.39892468976442,47.75470552094667,49.32709446122443
S3,approach_blue_block_on_black_table,0.05,332.20196762993487,4.2833330422432,502.7762873268609,333.5806325340233,4.046711561361567,498.2372701737,26.66491677792934,46.11396965651667,48.78313453866758
S3,approach_blue_block_on_black_table,0.06,333.0069658452444,5.14602877541481,501.084219938155,333.8894374157268,4.2798066070445095,496.4759817746818,26.847416973052624,44.55173432940289,48.1452903008261
S3,approach_blue_block_on_black_table,0.07,333.7082686353398,5.551454483560574,499.2951313499341,334.25473649945815,4.428203141140624,494.68266108098476,26.96565791771333,43.66128226842082,47.43868566578572
S3,approach_blue_block_on_black_table,0.08,334.1969893928654,5.909207466056715,497.44142057540284,334.6424761331421,4.556247780999348,492.8519756589914,27.117587704,42.91272368092869,46.6436837594291
S3,approach_blue_block_on_black_table,0.09,334.6944237726482,6.197316697747127,495.4552838677901,335.05776096888644,4.651745121372625,490.9843310612481,26.767462141338438,42.31518137789869,45.693544945818175
S3,approach_blue_block_on_black_table,0.1,335.4037649076416,6.398287438031865,493.4340331440338,335.54298630676897,4.6971570192931615,489.1050899789468,26.52458511819981,41.400967708603865,44.74067536294728
S3,approach_blue_block_on_black_table,0.11,336.4257374326237,6.505859192632915,491.5131452794207,336.0495718377832,4.70803611453245,487.23336430674806,26.228045397955704,40.93202256224204,43.92828373201936
S3,approach_blue_block_on_black_table,0.12,337.1544256016342,6.554599777887223,489.58461465754124,336.5884448777512,4.730989520879226,485.3755253821484,25.603375513757143,40.57186310434951,43.11451356829694
S3,approach_blue_block_on_black_table,0.13,337.8853540508332,6.550158689810278,487.641331317112,337.1653138314462,4.783629784828325,483.5347866699539,24.977270194091204,40.26380303706512,42.32879939733997
S3,approach_blue_block_on_black_table,0.14,338.99750490677906,6.721996915678119,485.80661817415864,337.78654939995454,4.785554098358531,481.7175756478349,24.558294167555054,40.049414761712086,41.687685528809865
S3,approach_blue_block_on_black_table,0.15,339.99204724374226,6.881196769464312,484.05246756947224,338.444059957597,4.7624815443211626,479.90643623227385,24.16693927106581,39.96884726936855,41.12489720502775
S3,approach_blue_block_on_black_table,0.16,340.30430272690194,6.895575913500876,482.18063653903397,339.08630271763127,4.711739108894923,478.0603413295732,23.6029006240555,39.95649705902342,40.544290740498774
S3,approach_blue_block_on_black_table,0.17,340.6273624767665,6.780712098368786,480.1304168668171,339.6479694413001,4.655010905697415,476.1928135059379,22.99017805892982,39.10942040517973,40.294415613485974
S3,approach_blue_block_on_black_table,0.18,340.7949715227894,6.574246523320962,478.17191045619506,340.1416996737026,4.601370342300414,474.41880172341246,23.229374099558534,38.290460341751476,40.090171213910686
S3,approach_blue_block_on_black_table,0.19,340.3574540786036,6.353321922728751,476.3648892568862,340.6180218701723,4.564081869201999,472.65990912082924,23.482337338405163,37.61175977565426,40.037794266409264
S3,approach_blue_block_on_black_table,0.2,340.54865848692054,6.1448038040401585,474.3108269634745,341.1521220814839,4.501426849639304,470.91528439968994,22.924448473296458,37.68881270787886,39.77266860613989
S3,approach_blue_block_on_black_table,0.21,341.0293415656164,5.939990329120343,472.32643408532215,341.71088885518014,4.415222288476233,469.159002890024,22.523841882773752,37.41001347204667,38.84170812000476
S3,approach_blue_block_on_black_table,0.22,341.3295239055044,5.920763951982094,470.30647856064434,342.21601655035516,4.3437521903566205,467.3907772221889,22.015108294022156,36.49003152400034,38.22742363160866
S3,approach_blue_block_on_black_table,0.23,341.8697097903938,6.112029944759625,468.2559784969827,342.7095822338188,4.291986256566573,465.57348446063196,21.622625931429482,35.752586965155515,38.52702945310889
S3,approach_blue_block_on_black_table,0.24,341.8788143320471,6.036453244901836,466.2003879199631,343.1529803416392,4.31658564690831,463.7288569997736,21.005718706907206,35.31241098566669,38.66725917737974
S3,approach_blue_block_on_black_table,0.25,342.4711154804636,5.408867273128745,464.1506985190685,343.587979662582,4.315696321931338,461.8301441096337,20.9579410402614,36.585841799928374,38.59049425419868
S3,approach_blue_block_on_black_table,0.26,343.14122759348834,5.234266749472985,462.12948062978984,344.0062278357777,4.290972874304717,459.9346908730757,20.889387214799,37.01681027018272,38.869206297758225
S3,approach_blue_block_on_black_table,0.27,343.70202305825654,4.966438417866099,460.19477463550004,344.3828095392743,4.2735314430787135,458.0442797610384,20.251346679948153,37.25902037411097,39.32059645305867
S3,approach_blue_block_on_black_table,0.28,343.9496376475855,4.554642175301925,458.3742602862742,344.7568066306533,4.283285173065166,456.1531271354742,19.951344292186732,37.39158128683571,39.51853540698254
S3,approach_blue_block_on_black_table,0.29,344.42403294242666,4.354336131325748,456.5422511335464,345.14727948144076,4.317509354252596,454.26211749199905,19.786030608841614,37.34655165087093,39.42694348027606
S3,approach_blue_block_on_black_table,0.3,344.583809236035,4.3561980765401085,454.69945766280506,345.565210272723,4.343961118240741,452.3718300052059,19.649365701600647,37.3894192221388,39.57410832742073
S3,approach_blue_block_on_black_table,0.31,345.00293735104816,4.583662259957588,452.8494578154467,346.0157250270671,4.40934701635814,450.5099678465561,19.8488207600643,37.435772622180714,39.850168763308375
S3,approach_blue_block_on_black_table,0.32,345.3891112966793,4.5829967524816055,451.00484033551345,346.4203442893466,4.400408058446159,448.6889193467409,19.827907168813063,37.438837804936774,40.26776295700585
S3,approach_blue_block_on_black_table,0.33,345.79347646152246,5.142234364810148,449.17831938569117,346.83876597983374,4.364938601883764,446.9298561323283,19.948229091790576,37.16108864967907,40.81507734835688
S3,approach_blue_block_on_black_table,0.34,345.91082914178685,4.54795714644501,447.3966960630311,347.21597411700367,4.341533452319337,445.1980915567675,19.852926229550263,37.10942496939391,40.841089848323534
S3,approach_blue_block_on_black_table,0.35000000000000003,345.9178673300971,4.271073656521414,446.35656487482476,347.51185964146555,4.30099768629169,443.5197605266804,19.821393521131164,37.118727182186596,40.871587918041705
S3,approach_blue_block_on_black_table,0.36,345.8748214403794,4.438491774216404,444.4048433910277,347.77537717752597,4.27937375756409,441.8534839953435,19.493273533299416,36.44535815578651,41.22750267115144
S3,approach_blue_block_on_black_table,0.37,345.8190004707486,4.670194347339353,442.49682389059683,348.0272365901821,4.320174744322884,440.1769680468349,19.055925000928,35.67218257642336,41.48303545229265
S3,approach_blue_block_on_black_table,0.38,345.50364946142935,4.914707878652942,440.6174242933345,348.25906010242767,4.411878309881208,438.37861951032886,18.46785321112249,34.69919683291614,41.78103681963555
S3,approach_blue_block_on_black_table,0.39,345.6927435433899,5.1693313600448825,438.62101783087405,348.5303551992966,4.529166874703957,436.54561276149866,18.18700612873309,33.87205905790758,41.93872326054027
S3,approach_blue_block_on_black_table,0.4,345.9905440360201,5.384471397394702,436.5888931406786,348.77898466234564,4.668347217761337,434.7559964070506,18.13672980197559,33.000117727499656,42.23099231078998
S3,approach_blue_block_on_black_table,0.41000000000000003,346.4064946294154,5.544654434486262,434.9373979599308,349.011757457816,4.8314113833141015,433.0232055642125,18.132240567305473,32.39977840424571,42.477208560499705
S3,approach_blue_block_on_black_table,0.42,346.60232796929176,6.345584250954056,433.3917913000711,349.2422191147158,5.008846817054277,431.2791974347178,17.89636292493951,31.658871427692475,43.10617238633464
S3,approach_blue_block_on_black_table,0.43,346.77640884091636,7.182458966282813,431.73324654987647,349.4660671192593,5.183502746139167,429.52990952719085,17.534083739640444,30.969594083575732,43.724391418467
S3,approach_blue_block_on_black_table,0.44,347.0011434960429,7.135360850826785,429.99031991027255,349.67073208639493,5.3778614099797055,427.81214500294544,17.333197428505198,30.506458830014356,42.9250277027127
S3,approach_blue_block_on_black_table,0.45,347.01540929108296,6.408808599675213,428.1505361042242,349.88058901121036,5.6174698915647365,426.1311918565204,17.845343559497465,30.138858197056987,41.711938311819196
S3,approach_blue_block_on_black_table,0.46,347.07464007658075,6.1835252786020245,426.2014198433924,350.09501330297724,5.845422328996694,424.44608651089646,17.491386548830775,29.612738204957644,40.89159220823528
S3,approach_blue_block_on_black_table,0.47000000000000003,347.06954065825414,6.29307272580208,424.34414173501943,350.29234546405036,6.063440973185612,422.79756161452775,16.778673196982588,28.94462826646789,40.06035321537561
S3,approach_blue_block_on_black_table,0.48,346.93316890159815,6.924668709548076,422.9877915784644,350.51054428287995,6.289844841092741,421.1378139601,16.50620295611795,28.429864054347394,39.359236443251845
S3,approach_blue_block_on_black_table,0.49,347.02154009094846,6.841965911519754,421.21597302320725,350.7769582072715,6.3964531443426615,419.4073644488824,16.384990563014217,28.37876886832025,38.766115453657896
S3,approach_blue_block_on_black_table,0.5,347.2794746205574,6.993723621525428,419.54353691495487,351.09445389021,6.3787422775498595,417.67518476345293,16.304980606885046,28.2432281925658,38.69946371095083
S3,approach_blue_block_on_black_table,0.51,347.67613130940117,6.855123553783848,417.6305865370578,351.4297232261134,6.352384450546291,415.9912461207847,16.45543378360103,27.62264732187658,38.355386540689196
S3,approach_blue_block_on_black_table,0.52,347.9418438359331,6.812572306615707,415.67256412746514,351.7570286448434,6.4169130046642815,414.2863490359152,16.451388014559374,27.082437129524287,37.77995633961237
S3,approach_blue_block_on_black_table,0.53,348.1244670332071,6.735549434676513,413.9544974214242,352.1056155514037,6.579432559930554,412.58438337962286,16.570631928843504,26.760141369692942,36.676794363682795
S3,approach_blue_block_on_black_table,0.54,348.3382693324802,6.503388770388791,412.47071523599413,352.5027412992077,6.728272498342396,410.8958261281943,17.019123143899662,26.8024127252733,35.58808027997632
S3,approach_blue_block_on_black_table,0.55,348.5949694573743,6.613524455541377,410.8360708012876,352.9241843677538,6.860913645935585,409.23651358309934,16.922188200064376,26.986907733480894,34.66696163051305
S3,approach_blue_block_on_black_table,0.56,349.217010547649,7.071545185138941,408.87053555283967,353.3327188408904,6.951498164913422,407.58750593704997,17.152859199144554,26.65784337485817,33.66392639220243
S3,approach_blue_block_on_black_table,0.5700000000000001,350.0308969974848,7.218318377442358,406.93182639867666,353.7200197880746,7.0746820334119205,405.92566247276267,17.367266344892208,26.63896491558078,32.52880839016619
S3,approach_blue_block_on_black_table,0.58,351.0329139858508,7.2475896821304495,404.94731993059395,354.14260024527715,7.214157464457936,404.2403086541647,17.690661207173832,26.372611699729806,31.83461995655933
S3,approach_blue_block_on_black_table,0.59,351.9626680442445,7.891742603761141,403.03952985839464,354.5899211385592,7.370938456776849,402.5736423132822,17.81919012349158,26.23406690182979,31.41113174173909
S3,approach_blue_block_on_black_table,0.6,352.91738172427597,8.122448157113531,401.27039492925826,355.0561027886848,7.4958583710537505,400.89286861815555,17.822734029555605,26.14027751492203,30.512581553177238
S3,approach_blue_block_on_black_table,0.61,353.68233089753085,8.536410418274826,399.5127297874532,355.4854746856972,7.571478135765329,399.18404471199125,17.45559435545266,26.3654737726092,29.46437883501457
S3,approach_blue_block_on_black_table,0.62,353.97141608234597,8.502202195949891,397.7562555466203,355.8478170373836,7.666216352000877,397.4340675725551,17.093848370639805,25.97515382550126,29.210471102592873
S3,approach_blue_block_on_black_table,0.63,354.1739432163733,8.2121246005774,395.9927246270275,356.2137778900844,7.698134268258561,395.7124265133672,17.092329851957086,26.237616241922407,29.393041303336233
S3,approach_blue_block_on_black_table,0.64,354.4511640902439,7.786474438279494,394.2052342929496,356.59774625524255,7.649442798702706,394.00067689552077,17.10311761412028,26.360544921114233,29.525611439433142
S3,approach_blue_block_on_black_table,0.65,354.9558007350943,7.302883960645021,392.13652940784425,357.0294353326375,7.547502073094141,392.2789439332709,17.399800706591968,26.44685941052758,29.59584812818614
S3,approach_blue_block_on_black_table,0.66,353.9482486334806,7.12716522131796,389.978596729233,357.4827338718979,7.434569689780998,390.53467832310264,16.962013949952873,28.117846583569722,30.55939322810397
S3,approach_blue_block_on_black_table,0.67,353.42999411055933,7.396486865907235,387.97892599502137,357.97403919687144,7.3078883812044895,388.77922308350185,16.504853764218886,29.434967134432682,30.617453087134148
S3,approach_blue_block_on_black_table,0.68,353.6063409077052,7.543082368672901,386.25417146720724,358.52224884526476,7.149488338236125,387.02970958471957,16.00848798432947,29.456290433655045,30.640195379856717
S3,approach_blue_block_on_black_table,0.6900000000000001,354.5586923105357,7.6013697192576695,384.61041291898175,359.074626597527,7.053614480518909,385.3149232226862,16.116929582832128,28.778747508833405,30.39694711064683
S3,approach_blue_block_on_black_table,0.7000000000000001,355.50793231243847,7.247460627904656,383.00108500723513,359.66438011848084,7.04780316355149,383.710248860455,15.586306085809097,28.381816848925315,30.39059274125924
S3,approach_blue_block_on_black_table,0.71,356.3820162066155,7.731648204800704,381.45819496340056,360.32132013987183,7.089291381115377,382.18063759872376,15.281536817747337,28.0204349292156,30.688007288570176
S3,approach_blue_block_on_black_table,0.72,357.2254494826684,7.6206507296875445,380.2402265601533,360.9964227005259,7.194964596928775,380.6447263046972,14.933314932534456,27.546828648092333,31.44463453691217
S3,approach_blue_block_on_black_table,0.73,358.1306748001373,7.034818022063643,379.09748105238805,361.69783167979136,7.2521152061233956,379.11167816966935,14.254356722915885,28.231110682202395,32.30492656358847
S3,approach_blue_block_on_black_table,0.74,359.34883699709167,6.703616980758727,377.41665217318575,362.4471713396189,7.268508277602086,377.58899771872296,15.48460029894666,28.915014800209935,33.07377499744174
S3,approach_blue_block_on_black_table,0.75,360.58354668590874,6.746561480199663,376.0422081194815,363.31770648495484,7.052376783761252,376.2403351273854,15.320163351286498,29.351911613895382,33.728151334254164
S3,approach_blue_block_on_black_table,0.76,361.4360946903311,6.591319998276853,374.7202593938285,364.1819898902014,6.716136170667597,374.8512970398506,15.063680128615019,29.853504160913623,34.60208571652059
S3,approach_blue_block_on_black_table,0.77,362.1677742546005,6.028874310098099,372.9780887141861,365.01955985686874,6.3717302049097935,373.3455183001644,15.026754254322956,30.14999236081249,35.675388735036336
S3,approach_blue_block_on_black_table,0.78,363.0255704590101,5.879960774540184,371.5036365652111,365.83519761467403,6.032616479625279,371.79004145064016,14.924416776692032,30.684424687120053,36.64670194489345
S3,approach_blue_block_on_black_table,0.79,363.71383791781375,5.370989282758133,370.26158647868726,366.6634934618584,5.661835788494995,370.24298260721645,14.459426132614198,31.331491240441903,37.69902436580816
S3,approach_blue_block_on_black_table,0.8,364.71393216835924,5.6259573567445775,368.95032625233466,367.58107384683734,5.248845700800272,368.7466831092331,13.990734024444471,32.05475352170569,38.61376335173378
S3,approach_blue_block_on_black_table,0.81,365.2367018770105,5.441417582969505,367.65833841980594,368.51997903446767,4.860014757626993,367.24259719160233,13.661330755906654,33.51582898567098,39.58843307042723
S3,approach_blue_block_on_black_table,0.8200000000000001,365.49554712867683,4.9241586528089,366.1572618529115,369.4403851011648,4.556882528337808,365.8075692076622,13.679953064296768,35.30444794119481,39.73630768336125
S3,approach_blue_block_on_black_table,0.8300000000000001,366.74982126284544,5.140846238158703,364.54998305759864,370.32530678538575,4.254182488953336,364.4977336630245,14.589381110294319,35.386997212990075,39.02944898285096
S3,approach_blue_block_on_black_table,0.84,367.98414125393913,4.907134753586332,363.2980981439588,371.18791377097807,3.9498682973492985,363.12270251258764,15.032467342192733,34.89755012989124,38.104120319495244
S3,approach_blue_block_on_black_table,0.85,369.0033031754886,4.837913091038807,361.3342454161863,371.96514094939107,3.7241301306970147,361.653607701581,14.779918785924263,34.64214211800094,37.02463343062782
S3,approach_blue_block_on_black_table,0.86,369.7814382762398,4.201854036026562,359.2108332508314,372.75707065987183,3.554619478448123,360.1309948902478,14.59944980552022,34.51109737273905,36.569301030473774
S3,approach_blue_block_on_black_table,0.87,370.40286502850404,3.5393958985345173,357.8167817368594,373.6531879558591,3.4146281868752757,358.63551250183997,14.519869680773475,34.47779895961798,37.333518695220086
S3,approach_blue_block_on_black_table,0.88,371.65808704136884,3.019789548847252,356.25558909755,374.6327458046218,3.200754034972732,357.33097584758036,14.933415881561356,34.134094779549905,38.475925065112044
S3,approach_blue_block_on_black_table,0.89,372.8669839441311,3.3713635107567907,354.89483311124485,375.5074176392526,3.029240952745307,356.06178671872675,15.401685394883568,33.60382027956247,39.79760977984093
S3,approach_blue_block_on_black_table,0.9,374.02245673508844,2.946774258761182,354.5304421084096,376.34088711295396,2.983053788865352,354.80824740827035,15.303128782626125,33.716279659454244,40.77595712222028
S3,approach_blue_block_on_black_table,0.91,374.9791210062085,2.582185790642412,353.4674008236801,377.2874420826009,2.9707085586054274,353.687648429159,15.317725130999385,35.10097712974096,42.168846764820096
S3,approach_blue_block_on_black_table,0.92,375.5559105911868,3.0354492448916885,352.06708518618495,378.30993896925975,2.9519745080505464,352.6695540309702,16.13100656008455,35.90504326818478,44.18615119015079
S3,approach_blue_block_on_black_table,0.93,376.6473062975359,3.3641109499809216,350.224103467709,379.3656013826284,2.779077925354024,351.63166603814517,17.378400391760657,36.70941005907256,45.655139547367234
S3,approach_blue_block_on_black_table,0.9400000000000001,378.32773271950805,3.0138797856615382,349.1943277859665,380.4202365103585,2.528062458276126,350.7141395559995,17.873593887199064,38.6131966592427,45.51718149707596
S3,approach_blue_block_on_black_table,0.9500000000000001,379.9513776153436,2.6975206293788974,348.9341337397124,381.43029541282823,2.283381614397131,349.8837659069362,18.243754995763062,40.680630778248016,44.790326923992595
S3,approach_blue_block_on_black_table,0.96,381.41457725115447,1.8449869983659366,347.92578095867964,382.42217141216827,2.0478330528781448,349.23214339138394,18.10371593302244,38.637260968146194,44.3606738524902
S3,approach_blue_block_on_black_table,0.97,381.8232765412779,2.1790913316362768,348.3163359337238,383.11656099509844,1.9776004069064108,348.6876873778062,17.25071500309557,36.34747852420519,44.02970278157047
S3,approach_blue_block_on_black_table,0.98,380.97719156231545,2.289817927303211,348.1931465209688,383.59264014124386,2.007250077553871,348.59187176264794,17.331719047584485,35.28052427542169,43.613381500307355
S3,approach_blue_block_on_black_table,0.99,380.6341845307685,2.5386076254429955,348.7004341524571,383.6521267034757,2.1220597015119322,348.79799864776135,16.501528093654297,34.59759610225608,42.756795349935324
S3,approach_blue_block_on_black_table,1.0,379.8262634277344,2.9486663341522217,348.80506896972656,383.46973876953126,2.068422894676526,349.4985819498698,16.903900211899934,37.32730995011571,42.11110256713765
S4,lift_transport_and_align_blue_block,0.0,379.8262634277344,2.9486663341522217,348.80506896972656,383.46973876953126,2.068422894676526,349.4985819498698,16.903900211899934,37.32730995011571,42.11110256713765
S4,lift_transport_and_align_blue_block,0.01,377.7112502450275,2.9780713315345824,351.58518753475767,382.6153793366475,2.201392824318971,352.4142411357321,18.019666041752593,38.31646268371906,42.20776742969597
S4,lift_transport_and_align_blue_block,0.02,376.7538427666089,3.1157419221749247,356.18312786977185,382.5070998197085,1.9621271306412096,356.56254460684903,18.578264296034142,38.885230541051236,41.91180258249314
S4,lift_transport_and_align_blue_block,0.03,376.3562050487103,2.7201325940787475,360.8285549652155,382.45996912206255,1.8370554363465104,360.76455501700366,17.728465993041667,38.899027290670425,41.358318412923424
S4,lift_transport_and_align_blue_block,0.04,376.85650388279015,2.314570257482578,365.14374002759666,382.5054750765282,1.6860412917473615,364.96131960118134,17.358157038323448,38.437446506999876,40.490252585722835
S4,lift_transport_and_align_blue_block,0.05,377.31724788186705,1.167281894489716,369.4146317712279,382.5674451132336,1.5340349995956528,369.1605285463845,16.811712134860105,37.867849328235806,39.64215072206874
S4,lift_transport_and_align_blue_block,0.06,377.69125177869194,1.4533482825853863,373.65975946613344,382.60549684618616,1.3527548297153602,373.36253192802354,16.51090249772823,36.90402503543363,39.434686553376295
S4,lift_transport_and_align_blue_block,0.07,378.0054223845355,1.5744849792788882,377.91985723509384,382.7041467981205,1.133916874324815,377.59061115910845,16.189866835776044,35.837063428285155,39.39322058359789
S4,lift_transport_and_align_blue_block,0.08,378.5332008214947,1.6200599512972806,382.4897288048554,382.8319093384667,0.8510304791423373,381.8195901153157,16.330119401109563,35.097177523431206,39.134100990257025
S4,lift_transport_and_align_blue_block,0.09,378.942761220043,0.9095242003876092,387.0570504110934,382.9892895041174,0.5950500949420774,386.0521861486781,15.97615094475443,34.455100596050485,38.63117722817218
S4,lift_transport_and_align_blue_block,0.1,379.2751606399379,0.1331672893861745,391.6114394652243,383.12890652373704,0.3796737023434141,390.2789971745388,16.025404624258467,33.76731728879286,38.301752352736095
S4,lift_transport_and_align_blue_block,0.11,379.8024697691219,-0.5595047754251197,396.1535757538718,383.247240492814,0.24725546959310046,394.49942182893886,15.671074772917677,33.297763864783555,37.828782015573616
S4,lift_transport_and_align_blue_block,0.12,380.24210859225013,-0.3178724775409938,400.52549699073546,383.3615001198947,0.1396474268127856,398.71595807568195,15.806757429354647,32.58661061914958,37.13810439197087
S4,lift_transport_and_align_blue_block,0.13,380.6174755143938,-0.20720523164823013,404.33254429936665,383.47904323111084,0.0018626086713450008,402.9304765062041,15.868419825969713,31.569480682236197,36.44868192095724
S4,lift_transport_and_align_blue_block,0.14,381.43971669046095,-0.14097900363350224,408.13275946284074,383.5921388444273,-0.15717426754762762,407.1575956954266,16.11275043756701,30.67281362199669,35.953187724127744
S4,lift_transport_and_align_blue_block,0.15,382.09837458006507,0.09929922323655249,412.38687918459505,383.72672027099236,-0.34577951037796495,411.38787617671204,16.466485285235233,30.35252245265776,35.71821972661346
S4,lift_transport_and_align_blue_block,0.16,382.89512066379655,0.31197902054704424,416.69300604338423,383.88263585578983,-0.48641979383502953,415.6230572872722,16.51851912725201,29.946370909597004,35.41512774648153
S4,lift_transport_and_align_blue_block,0.17,383.7361764330625,0.3469322009127763,420.9987518533833,384.03393886222676,-0.616448549466556,419.86196107848485,16.42581109700654,29.462257097217204,35.09662590851294
S4,lift_transport_and_align_blue_block,0.18,383.16143422539346,0.3234090736191827,425.30798294313786,384.13631602522366,-0.7606177122533231,424.1061264037549,16.592636041558777,29.456607794046615,35.61757310517895
S4,lift_transport_and_align_blue_block,0.19,382.2609700368351,-0.02414195250689294,429.62041582689244,384.1682471713605,-0.8904229624738288,428.338631917605,17.114538259516166,30.4756873259969,36.60626643737867
S4,lift_transport_and_align_blue_block,0.2,382.43595520579305,-0.5201181602357445,433.9225665900317,384.1582505462876,-0.9805945367259895,432.55382645835556,17.929256702394788,30.809448037447773,37.404710668893316
S4,lift_transport_and_align_blue_block,0.21,382.59014560941307,-1.114281839942545,438.4820724457629,384.18154109864435,-1.098050297906968,436.76416585267015,17.963314793452405,32.09355151374685,38.406406077044885
S4,lift_transport_and_align_blue_block,0.22,382.797717297943,-1.5296344974991247,443.30370124716944,384.2411014440158,-1.2376688210570104,440.98556083255534,18.274009400544635,33.18742198689569,39.353573417791836
S4,lift_transport_and_align_blue_block,0.23,382.9586145792888,-1.8583507758677735,448.11568033516687,384.306096637403,-1.404386712536666,445.22397949323283,18.909315868699053,33.9844670847063,40.333568189512285
S4,lift_transport_and_align_blue_block,0.24,383.06586403368806,-2.184712478009184,452.92231855530474,384.32563975847165,-1.6446575274469912,449.4663403025969,19.853298184775657,34.697500656597384,41.18917180246161
S4,lift_transport_and_align_blue_block,0.25,383.64196827516446,-2.3653770268995826,457.706027371415,384.3120615429051,-1.977361726928835,453.6955668282609,21.00321831818072,35.68397660549478,41.91274448795533
S4,lift_transport_and_align_blue_block,0.26,384.05135318988187,-2.5044154701383547,462.134104289894,384.2396396672917,-2.3919687350149563,457.90566725955597,21.938515657834962,36.47912202015077,42.86851654810293
S4,lift_transport_and_align_blue_block,0.27,383.5482670979777,-3.2761581085262295,466.39854509354154,384.11685116273276,-2.853947843123909,462.0907996064873,22.47478901136653,37.09880664706391,44.10349210062919
S4,lift_transport_and_align_blue_block,0.28,382.25835489845804,-4.152449622388187,470.6705792542118,383.9551726374201,-3.3210512626169657,466.2502736884526,23.134119091212334,37.64648638369385,45.553659663203916
S4,lift_transport_and_align_blue_block,0.29,381.3764344811312,-4.9205257485768055,474.73712294199777,383.7937653774791,-3.7927907102802125,470.37254840341245,23.712732120721075,37.73937960697903,47.016867949484364
S4,lift_transport_and_align_blue_block,0.3,380.88650272388134,-4.884405338497396,478.80550739461324,383.6304211467754,-4.233614890573909,474.48589217724856,23.99817102030225,37.86820249150476,48.14935363345903
S4,lift_transport_and_align_blue_block,0.31,380.41368717234445,-4.858296160570449,482.88870055151597,383.5129942798342,-4.58825001257736,478.6510443969982,24.009914552835962,37.99676270706582,49.30711925072041
S4,lift_transport_and_align_blue_block,0.32,380.1506950749937,-5.6067024275068995,487.09613724840705,383.4637826919398,-4.909932206782985,482.82828605731163,24.00183066229907,39.124520743847654,50.54894965803213
S4,lift_transport_and_align_blue_block,0.33,380.0773287254564,-6.133455245297231,491.1973094312116,383.5231281606537,-5.191958726169756,486.98094047289464,23.87831539124806,40.38091860503834,51.968783122655
S4,lift_transport_and_align_blue_block,0.34,380.39447959074374,-6.119961177998124,495.3148124181232,383.76874173481866,-5.3834313438952135,491.09495488417235,23.87849363436883,41.76673675836773,53.37324589673303
S4,lift_transport_and_align_blue_block,0.35000000000000003,380.8075544759795,-5.942779454724331,499.4820050925543,384.14035511410026,-5.582334091535177,495.1495998088734,24.023455920847468,43.624827672042656,54.89169708013348
S4,lift_transport_and_align_blue_block,0.36,381.7358217439613,-5.6652051352813135,502.97013263432166,384.67419991504636,-5.87134317716287,498.99758510637554,23.664209133462762,45.358243288109335,56.60616671335508
S4,lift_transport_and_align_blue_block,0.37,383.26048002767527,-6.677259542181508,506.8786153146677,385.45871092098724,-6.2265488848252115,502.8189741942076,23.74176148841778,46.837497883147805,58.24704109453754
S4,lift_transport_and_align_blue_block,0.38,384.9735129582614,-8.135592931213184,510.6606179186817,386.4723390910427,-6.568376065247141,506.54643859095967,23.778746425979506,47.77993278434523,60.181051041517854
S4,lift_transport_and_align_blue_block,0.39,387.31502160420143,-7.899438907262135,514.4121094006538,387.89698089421665,-6.927814709443819,509.95297302161435,23.836870414815756,50.23347468030093,62.77720151386271
S4,lift_transport_and_align_blue_block,0.4,388.7774991893133,-9.206080715998306,518.0368822304894,389.8157130853911,-7.265980545071968,513.0600603939698,24.024867982623554,53.4939849006475,64.63319926070253
S4,lift_transport_and_align_blue_block,0.41000000000000003,391.32375830156906,-9.088679245430997,520.6593842507204,392.1947443941348,-7.53787507003043,515.835371876732,22.992138011141506,54.624090886066874,64.2823728716914
S4,lift_transport_and_align_blue_block,0.42,394.696337550197,-8.684710259098669,522.720316281826,394.89267638260765,-7.814722136062623,518.2873334891516,23.469302544946736,54.29779699165304,63.9250871775228
S4,lift_transport_and_align_blue_block,0.43,397.977930899271,-8.34038071949995,525.2133595217092,397.6640419218114,-8.02116825118348,520.7304851275628,22.342595455563163,53.90059941636206,63.65082460268402
S4,lift_transport_and_align_blue_block,0.44,399.9737833239517,-8.221576953421303,527.5348167590029,400.5366968698405,-8.334207233073707,523.0192878214627,21.752288306504525,53.47575365821944,63.515022644078954
S4,lift_transport_and_align_blue_block,0.45,401.1349290055114,-8.328588028895577,529.3219470233739,403.69989932216254,-8.575036460853083,525.0475197299493,21.01001280914413,52.495920448840444,63.79945662258262
S4,lift_transport_and_align_blue_block,0.46,404.2244066903063,-8.37556113618916,531.3417183479406,407.2657562233517,-8.736702155565549,526.7992033728505,20.95912405508271,51.89414898448589,64.61377291084686
S4,lift_transport_and_align_blue_block,0.47000000000000003,407.901021894666,-8.294773349882636,532.94046778298,411.01189468414304,-8.815056257693113,528.2557458589714,20.638067877939203,51.90527812301418,65.11840843564443
S4,lift_transport_and_align_blue_block,0.48,411.6758062455017,-8.08319017556885,534.1571031928873,414.89211630281363,-8.927366009603498,529.5276844778613,20.77792290792032,51.475038494441236,65.73609473152304
S4,lift_transport_and_align_blue_block,0.49,415.7046830959306,-8.406710262574105,534.840072183656,418.8561187996567,-9.152106750239508,530.6716359971178,20.879283577277725,50.3353506055542,66.03202863907914
S4,lift_transport_and_align_blue_block,0.5,419.8360376292852,-9.09575561179182,535.7060560338281,422.91661203628445,-9.373172762808831,531.5724748330475,22.099668499324633,49.349153238535344,66.3039501807055
S4,lift_transport_and_align_blue_block,0.51,423.9518643768208,-9.98267359902808,535.9781914738261,427.005509864826,-9.589062594811367,532.3586247008064,23.167228494921666,47.92475623861789,65.53646352076323
S4,lift_transport_and_align_blue_block,0.52,428.2968590305625,-10.718170168110655,536.0335650768063,431.11259122923434,-9.72423077245563,533.0755860111627,22.49645537665557,46.14425101264062,64.0084366647139
S4,lift_transport_and_align_blue_block,0.53,432.7350519717321,-10.925695835980731,535.9586586843843,435.238433228446,-9.796142812560353,533.7158566147743,21.890478387170766,44.48555968452747,62.43042376964569
S4,lift_transport_and_align_blue_block,0.54,437.1640114548196,-10.591496959693895,536.2985411781888,439.382505563303,-9.820493500887336,534.3529758348308,21.554990004546497,43.36401676325255,61.3490845786618
S4,lift_transport_and_align_blue_block,0.55,441.0990631519432,-10.006337198037492,537.4861742782699,443.5225195851099,-9.845128124447973,534.9169977034622,21.929073705996267,43.03565251850824,61.11136208031911
S4,lift_transport_and_align_blue_block,0.56,444.8814332149634,-9.454314386652822,537.962371593084,447.65100063457163,-9.845250828409524,535.4589775036103,22.393443393098345,42.4675240729054,60.58792523069527
S4,lift_transport_and_align_blue_block,0.5700000000000001,448.7232907288166,-8.924510734798911,538.4745546319759,451.7596189619931,-9.854963148187084,536.0769404167629,23.003127427891926,43.22601127380418,60.28962532271441
S4,lift_transport_and_align_blue_block,0.58,452.74104718421074,-8.595842258688512,539.1064956526366,455.8766181274818,-9.908907979936004,536.6613368841241,23.380023926456648,45.622600423042535,60.33025983011839
S4,lift_transport_and_align_blue_block,0.59,456.85497130616534,-8.438604837000312,539.9208452561581,460.03020769017803,-9.983296450472666,537.169899350015,23.60231280313613,47.87751656255886,60.54940667848787
S4,lift_transport_and_align_blue_block,0.6,460.9774183268177,-8.123829500287481,540.5015798635261,464.185126485788,-10.114855452114318,537.6319591305835,23.65013069118705,49.831549543210244,60.764754379092494
S4,lift_transport_and_align_blue_block,0.61,465.13422204763083,-7.911566565877329,540.746735369802,468.3357599266982,-10.281825710040533,537.9725273561464,23.58860288510433,50.2166292657066,61.4661671602375
S4,lift_transport_and_align_blue_block,0.62,469.44562447287115,-8.095333020999407,541.0586146547139,472.465108548759,-10.4947031491321,538.2527060578425,23.47384887049582,50.63935946461244,61.81015969224731
S4,lift_transport_and_align_blue_block,0.63,473.87603058766035,-8.35966275571719,541.227258067695,476.56935734875276,-10.787502254077209,538.5121077744277,23.423515336791674,50.63213904532605,61.90941690119507
S4,lift_transport_and_align_blue_block,0.64,478.2916739103743,-7.864968018015709,541.9974817943369,480.6646071110744,-11.144872880295669,538.7255740749874,22.554067887806525,50.80353945967466,62.47206777475531
S4,lift_transport_and_align_blue_block,0.65,482.67618241051207,-8.77685553404691,542.6097670528961,484.7685824909759,-11.538804156202987,538.925359389493,22.560054485697208,50.96459391519584,61.92361481687944
S4,lift_transport_and_align_blue_block,0.66,487.0535449301069,-9.932410782574529,542.38865299813,488.90522555011415,-11.93257343153842,538.9599284427719,22.810973445897794,50.280054060941424,60.82846402162095
S4,lift_transport_and_align_blue_block,0.67,491.42805514053293,-10.64985167614806,541.8336273937682,493.0350349657152,-12.313326158641475,538.9222637032357,22.66559373424018,48.95883833269484,59.87067387125049
S4,lift_transport_and_align_blue_block,0.68,495.83112473459914,-10.42951246588063,541.4848136874833,497.17313686946716,-12.639221753227787,538.8514268193546,22.62879189426623,47.64625775285504,59.38282417192201
S4,lift_transport_and_align_blue_block,0.6900000000000001,500.22333939312335,-10.800035192816498,541.6361018206267,501.3201855227306,-12.945052608416981,538.6920801992743,22.48680294093679,46.78796772859937,58.41424727222398
S4,lift_transport_and_align_blue_block,0.7000000000000001,504.51936313119086,-11.557771823091361,540.650612456423,505.4627660226705,-13.198316220269785,538.5516545434732,22.68768324037824,44.86023738443074,56.71662477793793
S4,lift_transport_and_align_blue_block,0.71,508.8777745936694,-12.12600292078637,540.2802764832988,509.60317961887574,-13.414925868317729,538.4230820394388,23.10867007984082,43.37189235431606,55.26004411377203
S4,lift_transport_and_align_blue_block,0.72,513.0914040759776,-12.477222397236668,540.6104333122084,513.7437532393487,-13.627808311563962,538.2515495287731,23.475000157498137,42.50100591147494,54.016052006523566
S4,lift_transport_and_align_blue_block,0.73,517.2255875828614,-12.057893921780677,540.2274570318152,517.8704610879288,-13.828583799448996,538.05545637344,22.824316757956577,41.66033842608161,52.89001415689306
S4,lift_transport_and_align_blue_block,0.74,521.3438762532963,-12.01517893561881,539.1198236296921,521.9675942178696,-13.998793325551043,537.6765002759805,22.29911668376969,41.64083682568899,50.904355821959776
S4,lift_transport_and_align_blue_block,0.75,525.5010659860377,-12.690372285638425,537.8844195445386,526.031258069673,-14.173275718919733,537.1939278629009,22.470026846409425,40.5491314977214,48.88777497020295
S4,lift_transport_and_align_blue_block,0.76,529.6375012501276,-13.57549520222531,537.0948050633347,530.0888505549535,-14.33643798972813,536.6972913345871,22.821814669599277,39.01183281846048,47.495361436705984
S4,lift_transport_and_align_blue_block,0.77,533.8302014027406,-14.663797985234535,535.9682111051659,534.0924220184963,-14.43271035668918,536.2110166874825,23.532989992046993,39.098572048785535,45.900443067149205
S4,lift_transport_and_align_blue_block,0.78,538.0177027755241,-15.708652223722224,534.7178031915656,538.0210806445486,-14.542045059490109,535.6435484024236,24.385728108912417,39.66890568864373,44.23142072889785
S4,lift_transport_and_align_blue_block,0.79,542.1904534732026,-15.142828747192816,534.2762666825905,541.8496686802317,-14.600142653843182,535.0800972206838,24.052575507323482,41.709079601994006,43.661332659247364
S4,lift_transport_and_align_blue_block,0.8,546.4061723237719,-14.000609837285543,533.7022742872017,545.6202704030562,-14.583118306234276,534.4240358877006,22.597304326576285,43.23543358736862,43.998771902015605
S4,lift_transport_and_align_blue_block,0.81,550.6679141559583,-12.221468902460842,533.5596633865179,549.414569253266,-14.469183382410593,533.7073679192027,21.55383595091702,42.73822988921647,46.16973157210746
S4,lift_transport_and_align_blue_block,0.8200000000000001,554.6627952691327,-11.186524789315516,532.887609544752,553.2348963023491,-14.355244849064707,532.8439029337407,21.161588175724155,41.46846990180347,45.74540862169202
S4,lift_transport_and_align_blue_block,0.8300000000000001,558.6379067441444,-11.071741950586182,531.8015149568728,557.1101088408507,-14.138004379873808,531.9222181297591,20.483991768691073,40.23189586369486,44.711533167772444
S4,lift_transport_and_align_blue_block,0.84,562.6453537902789,-10.723359966945935,530.856049155587,560.9572701245667,-13.81489340401519,530.8804121686125,20.498751444567546,40.015022374984504,44.276394510713594
S4,lift_transport_and_align_blue_block,0.85,566.3875383647023,-10.473690342048933,530.1596800953052,564.7609257385991,-13.336646824613494,529.6828159767642,19.860155600057595,40.894218903590875,44.57401670924299
S4,lift_transport_and_align_blue_block,0.86,569.7920785389684,-10.044708893649378,530.5447533810338,568.4519896018154,-12.723455027782757,528.4269393612952,19.36447415311074,42.28033570291678,44.66545900787066
S4,lift_transport_and_align_blue_block,0.87,573.2147595622309,-10.02069016701734,529.746360289078,571.9993271237819,-11.87636936774998,527.0978737217482,20.239700840747297,42.975198105664326,43.72540734602196
S4,lift_transport_and_align_blue_block,0.88,575.9866934221282,-10.092905054585293,526.8448708198448,575.5276971904597,-10.832413054404753,525.5948992969678,20.74093983220276,41.2207652298159,42.538355234113986
S4,lift_transport_and_align_blue_block,0.89,578.9280633522378,-10.09411884660093,524.5904876286506,579.0332710081963,-9.773263986914634,524.0886851777433,20.34272153856842,39.864614848098746,42.304587273125975
S4,lift_transport_and_align_blue_block,0.9,582.237181464255,-9.289443622603862,523.1156480815234,582.3526180395282,-8.727642109235878,522.4946689992039,20.019402147260998,39.406416474996405,41.50130572190593
S4,lift_transport_and_align_blue_block,0.91,586.5375348266748,-8.534030094427681,521.9343863144971,585.4868164819717,-7.654508324964016,520.6794023562799,18.42264454478992,39.92109841976131,40.81221946957701
S4,lift_transport_and_align_blue_block,0.92,589.5935676797105,-7.389976534721443,520.1272131675048,588.3762435231421,-6.518655985337573,518.7849890836072,16.90165520788483,40.49631076130285,41.008234389689974
S4,lift_transport_and_align_blue_block,0.93,592.3207264312365,-5.5173522027871265,517.3599097584223,590.932070442963,-5.407030644999472,516.6642709910471,18.00867079711817,39.3366353192907,41.73581051102137
S4,lift_transport_and_align_blue_block,0.9400000000000001,593.7457187594052,-3.7261146892451142,514.4263340431863,592.9777299187218,-4.153419611753571,514.4339114117276,18.15891554270465,36.37427687491475,41.55097214348339
S4,lift_transport_and_align_blue_block,0.9500000000000001,594.974147009326,-2.849588326508553,512.0943286482254,595.0211730793762,-2.944144067967478,512.1482322486767,18.195522341346383,34.018351870256154,40.8185996065721
S4,lift_transport_and_align_blue_block,0.96,597.2381400742422,-1.191258187075485,509.55544275790544,597.0744475200432,-1.700804505923196,509.9941798822807,18.022389099943958,34.27859178985759,40.95777078983824
S4,lift_transport_and_align_blue_block,0.97,599.1195617487924,0.23210730483611314,507.9773577311811,598.5878562571199,-0.8339483230665335,507.4607728855445,18.493888995423795,35.463133971727686,40.36249740686769
S4,lift_transport_and_align_blue_block,0.98,597.7006638349853,-0.04358641569339197,506.1156769583962,599.3266342691802,0.2259348461566747,505.48433872037015,19.586401415618102,34.34836100396382,41.58850764455521
S4,lift_transport_and_align_blue_block,0.99,596.310529228984,0.7172344209402426,507.21309841717715,599.9190867503949,1.5375911891742209,505.25844369764616,19.046978570448218,35.12440615711668,42.926598736351195
S4,lift_transport_and_align_blue_block,1.0,596.0665588378906,2.758544087409973,507.1325988769531,599.6177429199219,2.6719277573749425,506.46802673339846,18.27363273898527,35.31265528657995,42.95369604076249
S5,retract_after_blue_block_release,0.0,596.0665588378906,2.758544087409973,507.1325988769531,599.6177429199219,2.6719277573749425,506.46802673339846,18.27363273898527,35.31265528657995,42.95369604076249
S5,retract_after_blue_block_release,0.01,596.0408967748485,3.502281770443541,509.04841008759456,598.5022525584196,3.354913492007206,507.8342034376658,18.585133976419257,33.382966070906555,42.76205772725666
S5,retract_after_blue_block_release,0.02,594.957004115758,3.6554834559217415,510.2411138516165,597.0001071299158,3.826810666392703,509.36426978396327,18.3111222365669,33.27456517053655,42.141078468261924
S5,retract_after_blue_block_release,0.03,593.4102802923331,3.6062938009888867,511.3043377346745,595.1927486241196,3.9328862749560027,510.67730840458785,17.4151713477181,32.60808720330835,41.67543075502567
S5,retract_after_blue_block_release,0.04,591.5003314869878,3.587551314757002,512.7211917652864,593.2317203503759,3.7794580360570595,511.90014978177504,17.064200849521768,32.73888177623907,41.12681453545465
S5,retract_after_blue_block_release,0.05,589.5288833446104,3.2615663455375565,513.9627165051877,591.203526414078,3.4441815906772604,513.0279215962596,17.367529278306556,32.83031317423981,40.492634070603685
S5,retract_after_blue_block_release,0.06,587.5243461544862,2.698729067004799,514.9203558840641,589.1062079543226,3.0190363521490298,514.0621000736475,17.244886637748316,32.89229940560283,39.88175395022906
S5,retract_after_blue_block_release,0.07,585.516282277557,2.1114251136175817,515.6281212886731,586.9539262236062,2.5471595327641534,515.003845213379,17.197390374431677,32.96616142362584,39.44656287678502
S5,retract_after_blue_block_release,0.08,583.5521850364345,1.6331312094455046,516.0285235377505,584.7716748587255,2.028770069510943,515.8586692178432,16.693169823636744,33.00488991857977,39.10116244915739
S5,retract_after_blue_block_release,0.09,581.2323012448185,1.2895778043945438,516.616652393087,582.5846108277565,1.4835615889939675,516.6590970153577,16.76903673124265,32.638405778725335,38.97312346897639
S5,retract_after_blue_block_release,0.1,578.8824956204921,0.9390468855551942,518.0029410755005,580.3796419035976,0.9418612816480604,517.4603349098977,16.545309252563463,32.48089572213497,38.78143191353468
S5,retract_after_blue_block_release,0.11,576.508225467123,0.5190554632415365,518.5740132829233,578.1761536411597,0.3918886327207191,518.2491611477624,16.881288176630527,32.035446608682534,38.59753744208577
S5,retract_after_blue_block_release,0.12,574.3460927257277,-0.006738648790714785,519.0292323097624,575.9741732943596,-0.1580215875574555,519.0349505204281,17.132928766036585,31.70923682070334,38.417499087879996
S5,retract_after_blue_block_release,0.13,572.3971738830385,-0.48966589012961426,519.6401430983435,573.7705747813283,-0.6958381863380894,519.8390105786849,17.211392235117657,31.652183693710906,38.176736017673655
S5,retract_after_blue_block_release,0.14,570.4377901638394,-1.0419361374749396,520.2726417758147,571.5448455137451,-1.2266744989094684,520.5986902669498,17.21851047594801,31.591975053565832,37.76242110004457
S5,retract_after_blue_block_release,0.15,568.492139095584,-1.6827890626836308,520.9827590237493,569.3109059887422,-1.7528910937046818,521.3608181493324,17.320907298048006,31.560065726698365,37.33731796372007
S5,retract_after_blue_block_release,0.16,566.5313270250557,-2.4478955224722982,521.7117344820393,567.0712724429409,-2.276368103846018,522.1406678322726,17.746040609020465,31.59615431633857,37.06458822900262
S5,retract_after_blue_block_release,0.17,564.3610526456479,-3.2885633133275936,522.4278166342281,564.8207385047975,-2.800074647095863,522.9110629721711,18.058052102970457,31.502742727973153,36.816887564574486
S5,retract_after_blue_block_release,0.18,561.9454024788348,-4.118034933816972,523.3620472304594,562.5609106677255,-3.3204398089520923,523.66513281608,17.958766238139187,31.298580033202583,36.44643502832734
S5,retract_after_blue_block_release,0.19,559.5359196692891,-4.598198254696493,524.2891998646533,560.2864912325317,-3.8469444203958987,524.3682330244643,18.002373430183106,30.9583563275104,36.044193348688864
S5,retract_after_blue_block_release,0.2,557.1145101764291,-5.03617466524962,525.1201037074434,558.0001221234645,-4.3771314075208805,525.0465819326164,17.91755617555993,30.550686890274402,35.643513820434826
S5,retract_after_blue_block_release,0.21,554.8669526663774,-5.856012649102076,526.0900613571378,555.7107774410334,-4.9194546844935045,525.6905538441906,18.3593407730637,30.517723160161868,35.26494502878851
S5,retract_after_blue_block_release,0.22,553.0529289202465,-6.39472848078702,526.8557773515568,553.420730067692,-5.4725067341886175,526.3243559491531,18.232281354186913,30.648973050777933,34.89159635822894
S5,retract_after_blue_block_release,0.23,551.2329383573908,-7.006031207895192,527.5200897858398,551.1285970554541,-6.027293607808887,526.9478197809169,18.043567549485278,30.63622931562458,34.550612580455216
S5,retract_after_blue_block_release,0.24,549.4023659123993,-7.6736537917747025,527.9235042694454,548.824975015191,-6.573901177436551,527.535026668578,17.668079358807958,30.218519459556962,34.35362311586203
S5,retract_after_blue_block_release,0.25,547.5535225934067,-8.076359005126287,528.1135364398958,546.5078689201778,-7.114570558209896,528.0833334898234,17.922128263958022,30.357054189444717,34.12909618620555
S5,retract_after_blue_block_release,0.26,545.4194707843399,-8.475471873165406,528.2045991998009,544.1874245211494,-7.645115099830955,528.6193557070516,18.391255905719337,30.325002315791206,34.397135358772815
S5,retract_after_blue_block_release,0.27,542.9459426125779,-8.853778984886086,528.2233612463392,541.8658726101127,-8.17917051756845,529.1121795656024,18.52885268916191,31.625382373019946,34.81625173857607
S5,retract_after_blue_block_release,0.28,540.4658118681,-9.204475509785713,528.4916213903232,539.5387366157763,-8.709398211085848,529.5840840153372,18.573792453661696,32.95935466823656,35.06487331850433
S5,retract_after_blue_block_release,0.29,537.9827451072024,-9.514012554340688,529.036584521971,537.209318632419,-9.229613281170481,530.0475361014073,18.54631103777755,33.552733906825296,35.396165613549414
S5,retract_after_blue_block_release,0.3,535.4985995452238,-9.828446501819418,529.3489582629554,534.8763852582739,-9.742045154822062,530.4752383326164,18.485220630394764,34.31590636024217,35.915006915206135
S5,retract_after_blue_block_release,0.31,533.0115598856886,-10.131927614291845,529.7656514622774,532.5324076820787,-10.24757282331998,530.8607164615084,18.444845250721464,34.90406358274734,36.43283973338312
S5,retract_after_blue_block_release,0.32,530.5175027946092,-10.456723725631708,530.1996423523706,530.1856835083254,-10.750283092678696,531.2229805553039,18.726906430799687,35.32800069013154,36.91408872277528
S5,retract_after_blue_block_release,0.33,528.0187811039902,-10.784430208452394,530.2717302292601,527.828399160969,-11.243490704967787,531.5273361232877,18.936894733146737,35.68129526869669,37.77335097991043
S5,retract_after_blue_block_release,0.34,525.5184130729838,-11.134490662306607,530.3235492118272,525.4640424122732,-11.717719882395954,531.8236885154599,19.142853173755412,35.78903635274041,38.69913355247834
S5,retract_after_blue_block_release,0.35000000000000003,523.0353575918805,-11.497363042399328,530.2551389804546,523.0880123283243,-12.17142752674024,532.0679925298206,19.343370110854025,36.05024928454816,39.17472074535976
S5,retract_after_blue_block_release,0.36,520.5649944037186,-11.762738235696936,530.3536120621827,520.7040902857902,-12.587117992514628,532.2673846086534,19.512238478261864,35.91195907420405,39.61055713938392
S5,retract_after_blue_block_release,0.37,518.025968321797,-11.877146992739235,530.6073925073988,518.3167081927073,-12.9975192543949,532.4286808524838,19.686748458308358,35.61767349181819,39.99349480280114
S5,retract_after_blue_block_release,0.38,515.3952059575162,-11.823725176356234,530.8317186714651,515.9250552014421,-13.406976929951272,532.5372446610925,19.582534430516986,35.44081783072073,40.38497359680671
S5,retract_after_blue_block_release,0.39,512.7724244266578,-11.714086407299956,531.0528632656561,513.5294507202805,-13.800362041597436,532.5975932848603,19.592213357945404,35.25370711305242,40.77025515456005
S5,retract_after_blue_block_release,0.4,510.1725333428003,-11.650993660651508,531.056293009223,511.1311890507562,-14.186186317662873,532.6533880601297,19.672219523892345,35.09228989410613,41.314865390434846
S5,retract_after_blue_block_release,0.41000000000000003,507.57762710502243,-11.646743133657306,531.1681074435761,508.73183695677955,-14.564758520082345,532.6856171030197,20.506900066741903,34.84380365332763,41.77886357364165
S5,retract_after_blue_block_release,0.42,504.97931525725323,-11.901430373970813,531.3298028067991,506.33158496059076,-14.941723179065937,532.6402662370498,21.17958879053395,34.50296916248367,42.12236885475009
S5,retract_after_blue_block_release,0.43,502.5465923117875,-12.334096492275895,531.0199142938811,503.92644342658343,-15.302913560665598,532.5820815496648,21.710597029459556,34.46229948039969,42.60674391182076
S5,retract_after_blue_block_release,0.44,500.14441280733115,-12.788361332399047,530.7934686356482,501.52710558713795,-15.668253382374619,532.4978959987734,22.00490379434873,34.47278379622538,42.996438604415374
S5,retract_after_blue_block_release,0.45,497.7298266383491,-13.272677754767823,530.585359759101,499.13304682754676,-16.032048037001065,532.3901735141197,22.09138483280883,34.496822284165205,43.42208671472138
S5,retract_after_blue_block_release,0.46,495.2966844963606,-13.778160228415508,530.3384396874831,496.7450310811135,-16.399181209044364,532.2339836342429,22.23170337118373,34.34435613420451,43.89268636377463
S5,retract_after_blue_block_release,0.47000000000000003,492.8567546372357,-14.300962938806652,530.0964568482681,494.3618362318711,-16.78437874781373,532.0586998376975,22.272607463017778,34.235027475407186,44.29636192259987
S5,retract_after_blue_block_release,0.48,490.4168226750335,-14.823683662981718,529.8377939927343,491.9816400463369,-17.168764447130815,531.9025643166756,22.16368424674526,34.20412621808372,44.56586397587097
S5,retract_after_blue_block_release,0.49,487.97426213140125,-15.351856162736565,529.6039331711529,489.6048199137656,-17.554514098794378,531.7120647434274,21.985092792398,34.02912630790323,44.70722755377116
S5,retract_after_blue_block_release,0.5,485.5471027930689,-15.634788162413788,529.4763251670136,487.2413791372274,-17.931513961969888,531.4845594946815,21.984506920948093,33.73481911283593,44.927088771291295
S5,retract_after_blue_block_release,0.51,483.10987095736436,-15.397862117639516,529.5187046561527,484.8764841893953,-18.30787189657559,531.2604967245474,22.41035985492859,33.74456021728916,45.15631349017039
S5,retract_after_blue_block_release,0.52,480.67266395225363,-14.66523204824481,528.9857876647313,482.51494627706705,-18.69606024077624,531.0270713662615,22.844134301719677,35.04421238956083,45.821666116222005
S5,retract_after_blue_block_release,0.53,478.2602822954883,-15.006882200841359,528.3133995241726,480.1551325966967,-19.095597048581514,530.7885509909496,22.64248307885598,35.599746063857374,46.200981526244185
S5,retract_after_blue_block_release,0.54,475.84844110225924,-15.926570581921382,527.9899978452056,477.80380885676857,-19.52036638285371,530.5005928316593,22.768217341683695,35.746442796223704,46.170927110413686
S5,retract_after_blue_block_release,0.55,473.4343818769514,-17.03161533958976,527.5550333156734,475.4614640389019,-19.965624486734605,530.1882630743922,22.917688827615066,35.90562380938053,46.12054917796767
S5,retract_after_blue_block_release,0.56,471.0164362950803,-18.02293048155234,527.3371824283901,473.1193125821659,-20.423837099784706,529.8903416750329,23.099800623332484,37.17818670245082,46.01150614407437
S5,retract_after_blue_block_release,0.5700000000000001,468.6193116819856,-18.762989190302783,527.2060860973545,470.79039655224625,-20.90783230281641,529.5654740790756,23.408427882695044,38.38377219727351,45.971168859120816
S5,retract_after_blue_block_release,0.58,466.2307823096747,-19.49671174761309,526.8161391353644,468.4737871269896,-21.416936561155385,529.1876061821561,23.777054221080913,39.72494663287734,46.031875007831474
S5,retract_after_blue_block_release,0.59,463.8533009040409,-20.145629306329425,526.4436044973442,466.16848847653034,-21.9487746761875,528.7804423024816,24.19019929757536,41.05839284120255,46.06078556365414
S5,retract_after_blue_block_release,0.6,461.4761069038715,-20.56273437928691,526.1035553270638,463.87073352447686,-22.503870319494055,528.373678510809,24.651810233671462,42.319129001140276,46.09928310229056
S5,retract_after_blue_block_release,0.61,459.0946175700383,-21.203122958149766,525.7753338290377,461.58363569830243,-23.073770320829105,527.9408744223168,25.03708388703197,43.61174901312918,46.030649086545196
S5,retract_after_blue_block_release,0.62,456.7233125471257,-22.00651321031553,525.4921054614273,459.3099334866327,-23.6646591283673,527.4645228677198,25.382771259948463,43.08195734981846,46.77462671574087
S5,retract_after_blue_block_release,0.63,454.4073941471661,-22.590493215204397,525.2067363163534,457.0574692764682,-24.28696402598057,526.938622700423,25.664014642373743,42.751426666436295,47.1877244766245
S5,retract_after_blue_block_release,0.64,452.12521255418994,-23.27555763399564,525.0924827742101,454.815495639785,-24.922324541361842,526.385292895364,26.05392567568925,42.25790315236543,47.46966381904191
S5,retract_after_blue_block_release,0.65,449.8567269947398,-24.224501776734222,524.7031041434436,452.5809714321613,-25.554365285984165,525.8111738879894,26.311430787104705,41.54826769024917,47.28447693131928
S5,retract_after_blue_block_release,0.66,447.91020813062505,-24.835092157091758,524.0130434848172,450.3606669585897,-26.18268591041186,525.1951989684641,26.465509659300096,41.44549351233884,47.1826318466141
S5,retract_after_blue_block_release,0.67,446.2249838392969,-25.15808482165344,523.2968904432705,448.1479256445917,-26.80968782128736,524.5407482900418,26.636831856144966,41.69679792938058,47.11592744007153
S5,retract_after_blue_block_release,0.68,444.62906467093114,-25.511667470019866,522.5493165918813,445.94607672815147,-27.419971370372924,523.8702006778469,26.96325637285121,42.003350996822675,47.146289486073265
S5,retract_after_blue_block_release,0.6900000000000001,442.9280797369248,-26.198483646194013,521.8039927855375,443.76212664488077,-28.000725811656206,523.1651309065813,26.900046224952817,42.1599887976099,47.16499886564235
S5,retract_after_blue_block_release,0.7000000000000001,441.07438979829146,-27.097311285660588,521.3627562438561,441.60476128478655,-28.549499774252634,522.4141795271512,26.81053925635731,43.155676846568895,47.06272211299466
S5,retract_after_blue_block_release,0.71,439.2355593318432,-28.373274133141102,521.084170220512,439.47344591515713,-29.075462487250867,521.6146513973137,26.659435220222534,44.053402665035264,46.6949233289533
S5,retract_after_blue_block_release,0.72,437.22051580791816,-29.454478424125426,520.7477714478241,437.36262910688606,-29.56588930419881,520.7969120713999,27.06705541235138,44.79904117578461,46.38644859858271
S5,retract_after_blue_block_release,0.73,435.2526869294582,-30.205388941055453,519.3160981943845,435.2849490271657,-30.02820991738748,519.9441687694617,27.083990242459038,45.80501047994213,46.680169335839004
S5,retract_after_blue_block_release,0.74,433.1713601010688,-30.55831334664195,517.7018697116396,433.2361360944018,-30.469650322614637,519.0687873882606,26.685090381104644,45.8348909868626,47.594584921263916
S5,retract_after_blue_block_release,0.75,430.98951409851077,-30.386035456718282,516.8517685389338,431.21954645927997,-30.883743487876796,518.1482297611946,26.649210024545773,45.79779795761692,47.89502461639966
S5,retract_after_blue_block_release,0.76,429.24119014901487,-31.415209030736094,515.9928478819334,429.25123161937887,-31.27632389790372,517.1729353370553,27.107886860091355,45.33285892979516,48.4302223059998
S5,retract_after_blue_block_release,0.77,427.5139117912037,-31.81272072799589,515.0961110945013,427.3481068111358,-31.668370166549987,516.139313291166,27.130058966148052,45.19117840275396,48.79587409752131
S5,retract_after_blue_block_release,0.78,425.7704632719702,-32.0465662898513,514.2645469205734,425.537285421528,-32.044506282381846,515.0738026052796,26.976045890407978,45.122612183913205,48.900692697914266
S5,retract_after_blue_block_release,0.79,424.02217652182503,-32.34147047059435,513.7634570953417,423.8093366541663,-32.44381683698115,514.0011015390198,26.41154327477368,44.94057551560099,48.785895770610914
S5,retract_after_blue_block_release,0.8,422.2262240347664,-33.59032240063402,512.9146192197265,422.11933562739773,-32.852167869215265,512.9071281660904,25.93870040879352,44.89827468559303,49.04707005640142
S5,retract_after_blue_block_release,0.81,420.59316912164695,-34.81937484966939,510.8394614464554,420.53621406000065,-33.279672314265625,511.74405938836463,24.521233737652572,45.73359525192568,49.744811244478505
S5,retract_after_blue_block_release,0.8200000000000001,418.3150058056914,-35.42244826214902,509.1632900199837,419.0486376626319,-33.625296916576936,510.45848847004396,24.613721827923655,46.8563347574627,49.65698951429974
S5,retract_after_blue_block_release,0.8300000000000001,416.09102248833074,-36.00005884790008,508.11351722422734,417.66620123325873,-33.91796672922645,509.1749302920281,24.856047241873753,47.60699038844107,49.15593771582606
S5,retract_after_blue_block_release,0.84,414.89729707498054,-36.4383632199323,506.3907516225122,416.3570684607045,-34.18091078084334,507.90941834857983,25.14219029217485,47.870858348824505,49.03873435589352
S5,retract_after_blue_block_release,0.85,415.8895790240206,-35.19609009205041,505.2403508794236,415.10757488206895,-34.476531082472185,506.66986210396493,26.152964729470636,45.82823789722643,48.39244826911136
S5,retract_after_blue_block_release,0.86,415.676135604803,-33.85284045337784,504.4922650981845,413.79864247188027,-34.76271918713791,505.4420783951828,26.48550770321028,44.02803520905097,47.91008446286923
S5,retract_after_blue_block_release,0.87,415.27067670241297,-33.49211728190116,502.7537304002483,412.58833554902134,-35.0217132132202,504.27273378112864,27.424883741142544,43.44001621531294,48.148150738150484
S5,retract_after_blue_block_release,0.88,414.1975111624821,-34.069332087301035,500.97552089490216,411.4575435412223,-35.273490306009464,503.1142543184032,28.098011581100174,43.656564945826666,48.57777401002823
S5,retract_after_blue_block_release,0.89,413.1235949338202,-34.91642954049524,499.50574255567176,410.4220045329569,-35.59128812732537,501.8435434626619,28.679709860297525,43.70973027327933,49.02290781524567
S5,retract_after_blue_block_release,0.9,411.3471894443344,-35.59984504572357,497.76350134618883,409.454652214863,-35.83438611884539,500.5294674503482,29.22940389855789,44.63922137249022,49.47063585028458
S5,retract_after_blue_block_release,0.91,410.09560916307737,-36.2230877344983,495.8704174302977,408.52879703572313,-36.08080656475594,499.1399311915014,29.332330840292578,45.519888515663496,50.10079660324446
S5,retract_after_blue_block_release,0.92,409.5061270148254,-36.574037617076414,494.21740220558013,407.6905081140093,-36.24891717423952,497.6407126365049,30.227358585173267,45.79188422864158,50.76325282592035
S5,retract_after_blue_block_release,0.93,408.5849652441942,-36.857065024900166,493.3044880223425,406.91655557412327,-36.645013895340604,496.5867209937734,30.446289955463513,46.19027099064427,51.00842359462744
S5,retract_after_blue_block_release,0.9400000000000001,407.6879459605928,-36.66499236092265,492.75379074878686,406.20155607098434,-36.75131055729615,495.94208251177315,30.356520811275068,45.984455032936566,50.82108179771546
S5,retract_after_blue_block_release,0.9500000000000001,407.1128964994557,-34.65232796452905,492.82271292684845,405.37062833782,-36.829641631814084,495.18688969902746,30.57093494460858,44.06339588127392,49.76459236973494
S5,retract_after_blue_block_release,0.96,406.7302425835244,-34.076057630231624,491.68095604103644,404.6248154014753,-36.77313904725237,494.62165393616027,29.67202383712668,45.30718258327966,49.470666654959935
S5,retract_after_blue_block_release,0.97,406.43842622986165,-34.270136176598754,490.7818415904902,404.1518879112364,-36.77694508831404,494.07639552858745,29.343126221966788,44.88125777646982,50.403448377786574
S5,retract_after_blue_block_release,0.98,406.4796894851668,-34.076758051306484,489.7843290805247,403.57566703800273,-36.39165298181284,493.67290546848,29.061858633864528,44.421093536948995,51.60604007974084
S5,retract_after_blue_block_release,0.99,405.71112638775236,-33.34072167383583,489.3039588735238,402.92027971713196,-35.94570539179537,493.23672429990023,29.232716335427835,44.47161962179297,51.98786528042147
S5,retract_after_blue_block_release,1.0,405.3998107910156,-33.81308555603027,487.70314025878906,402.5816263834635,-35.858322246869406,492.95213317871094,29.031995281502965,46.63427013323461,51.87252016936511
