segment_id,semantic_label,semantic_phase,median_x_mm,median_y_mm,median_z_mm,mean_x_mm,mean_y_mm,mean_z_mm,residual_p50_mm,residual_p90_mm,residual_p95_mm
S1,approach_drawer_handle,0.0,428.7201843261719,0.4199604392051697,456.9193572998047,428.51514790852866,0.5178600360949834,457.49436645507814,4.030592445399842,15.601728519968376,17.04759366873496
S1,approach_drawer_handle,0.01,427.8329123486916,0.581218148387287,458.37449205690314,428.22566444055053,1.1100069616633652,458.2036306095977,6.259349642899447,16.003567495326255,17.103044599796824
S1,approach_drawer_handle,0.02,427.3610493049549,0.750990129415072,460.48508014647086,427.77526983711755,1.2192514548055502,459.41781378859116,8.833738283266609,17.560958392658456,19.28529384160309
S1,approach_drawer_handle,0.03,426.9563857885471,0.18762807137590753,461.6906125644949,427.35253379311746,0.17845811551414562,460.6929310533625,10.539216505280208,18.98813292377465,20.240014864190773
S1,approach_drawer_handle,0.04,426.7906941444804,-1.9324392009693878,462.4312598657897,426.9439386283419,-1.933931202915467,462.090893290245,10.995947020118333,19.50227196284824,20.002963158886143
S1,approach_drawer_handle,0.05,426.98883671843276,-5.769555596611825,463.889477406679,426.80059431910763,-5.023195426411112,463.2671821561419,12.126157305721417,19.64760479843888,20.248092746682726
S1,approach_drawer_handle,0.06,427.590083674651,-9.598774059392927,465.52713330028166,426.8906446291134,-8.275781754502116,464.5850270134104,11.771580087294382,20.181954720522818,21.212194855137376
S1,approach_drawer_handle,0.07,427.86311515012846,-13.201526179014445,466.4789805615992,427.2201153197655,-11.511982796546711,465.9130883441759,12.704041686502366,20.443333150893185,22.224855064039655
S1,approach_drawer_handle,0.08,427.52980707519185,-16.769379353423627,467.67362234294274,427.66741761468603,-14.793058877838854,467.2164612150739,13.296426287521957,21.023682625955114,23.55071933453074
S1,approach_drawer_handle,0.09,427.825268519966,-19.871060290537415,469.049687808268,428.21568814793096,-18.13361369282819,468.43027781727835,13.85657444420185,21.02080373287317,23.73601217282903
S1,approach_drawer_handle,0.1,428.5571791758797,-22.867247464917803,470.06973091677787,428.91168646382783,-21.54059217089956,469.4425450691245,14.596027700126811,20.936177834842884,23.15748319238374
S1,approach_drawer_handle,0.11,429.4450041026779,-26.00516938733133,470.64861743232046,429.6760922075071,-24.936961577866203,470.35544573197757,15.473536507620544,20.94049141662421,23.33973384387228
S1,approach_drawer_handle,0.12,430.39874951179183,-29.82729703984874,472.19698521895333,430.51236643273324,-28.272552473643337,471.25340586680585,15.504971241495685,21.418505405774553,25.482864079210632
S1,approach_drawer_handle,0.13,431.56787747270937,-33.48653433612098,473.6445977494653,431.3647182107672,-31.601009577800614,472.1033376873441,15.936261045650147,21.95305513893972,27.82746805250968
S1,approach_drawer_handle,0.14,432.2389019147196,-36.92109578025206,475.0627135707011,432.269310050437,-34.96186979227889,472.93711280440584,16.006948475842748,22.334693454278945,29.81305857208281
S1,approach_drawer_handle,0.15,433.4458665159787,-40.28831618524596,476.2581653955266,433.28878095852,-38.306984477811255,473.8124757237048,16.580637468904747,24.075648284596372,31.81078394913052
S1,approach_drawer_handle,0.16,435.4230506867582,-43.82021805079084,477.0126274446644,434.3665783818467,-41.66965422249083,474.57755391185606,17.219891409784694,25.232699305473123,33.771287758517836
S1,approach_drawer_handle,0.17,436.4150437184979,-46.93516093543869,477.1973188771336,435.41433643371835,-45.07068423321313,475.216038091684,16.869093729651944,26.44874764214654,34.99047213900192
S1,approach_drawer_handle,0.18,437.3602568715401,-49.92642248960797,477.25740738326135,436.5139784770538,-48.49300365613624,475.7020387061853,16.35531270557957,27.67394531170403,36.02649722322567
S1,approach_drawer_handle,0.19,438.83103107909903,-53.252128565369475,477.6713923249995,437.6385792635941,-51.94268667041217,476.01081707244924,16.948707860405705,29.01113448605612,37.50671629111654
S1,approach_drawer_handle,0.2,440.242092863071,-56.392935186559214,478.84695244562477,438.7815141851963,-55.38427566128147,476.18797253902113,17.310885753059896,30.940500360377932,39.4251443589587
S1,approach_drawer_handle,0.21,441.6439061397323,-59.69276651673711,479.75569084623544,439.930141434509,-58.812106002327745,476.31842993644307,17.76896098493767,32.63207498989755,41.22229978590411
S1,approach_drawer_handle,0.22,443.00108028182797,-63.17998558129431,478.52608804238855,441.1489242491955,-62.22775018916487,476.31470058317086,17.323693130875036,32.589626955023434,40.86494674209415
S1,approach_drawer_handle,0.23,444.2833390837511,-66.32229185208726,478.5146495300424,442.4030296886788,-65.55628335205893,476.10488467619933,16.71935586130219,33.48098183421009,41.05835312621963
S1,approach_drawer_handle,0.24,445.5648254900112,-69.05467972922521,478.3484527652074,443.6973659772441,-68.9296270200238,475.7903480500581,17.00631253964645,34.110899467538744,40.95343765282903
S1,approach_drawer_handle,0.25,446.85698509015555,-71.96154065248184,477.611735435729,445.02163007548484,-72.24668117641293,475.31006457794246,18.036299648865242,34.218440470263516,40.489842214196734
S1,approach_drawer_handle,0.26,448.186893025401,-75.26206529660877,476.19099500980224,446.3355655157336,-75.52497545319741,474.6561090161644,18.94268456836815,35.551429247247654,39.678120369242954
S1,approach_drawer_handle,0.27,449.6887262131602,-77.72505335385269,475.09635934293897,447.69697299261577,-78.75973589347831,473.799312565521,18.93554055770879,37.227375992415354,39.014775546463305
S1,approach_drawer_handle,0.28,450.9861363183714,-80.85231563776385,474.81462455349356,449.1732943188765,-81.8709771469487,472.67909549624784,19.395374081234912,38.22645918642906,39.996706890397384
S1,approach_drawer_handle,0.29,452.31624545458516,-84.31047662410785,473.51995377462003,450.6841831066768,-84.84344348990322,471.4411581523333,19.14613102174166,38.825004319946544,40.97864574006495
S1,approach_drawer_handle,0.3,454.05625510484117,-87.78612607898765,470.8184089181806,452.19889606320515,-87.72448351417957,470.0999611972887,18.069460193986604,37.30469896024068,42.25963299645441
S1,approach_drawer_handle,0.31,455.4113567722643,-90.73893935453813,468.4152363555869,453.67634579778667,-90.59029329879066,468.64005457168673,17.562069233407897,35.94449653706501,43.3117713108578
S1,approach_drawer_handle,0.32,456.96949158478435,-93.48490071572172,467.4361744848061,455.16730762919445,-93.42666842486594,467.0269620745238,18.335358400528328,37.69783802247231,43.69875978523232
S1,approach_drawer_handle,0.33,458.6829731988712,-96.92907056836987,466.8416576920637,456.6496862535652,-96.23423378434202,465.2592069425527,19.127013939006456,39.59057965880375,42.429407301819346
S1,approach_drawer_handle,0.34,459.93867561083607,-100.39542503527768,466.0684965776136,458.05169419436004,-99.0317533596777,463.3901809557311,19.35729966264105,39.76586214318519,41.526967286609704
S1,approach_drawer_handle,0.35000000000000003,461.1092629478593,-103.85790894604591,464.4282842068968,459.4225718521509,-101.83549533107018,461.5359051739355,19.298273812675262,39.16389360102353,42.23104083298056
S1,approach_drawer_handle,0.36,461.64342371745676,-107.042806221771,462.120059754099,460.7944740613353,-104.61401220083991,459.6952039020391,18.82421953448482,38.522899007006025,42.91133325543213
S1,approach_drawer_handle,0.37,462.706325090697,-109.97595241538377,459.6637520471746,462.165667028754,-107.31629085292502,457.7951272612169,18.999401725135417,39.41212045144613,43.289808759573724
S1,approach_drawer_handle,0.38,464.1935483221821,-112.95971680224068,457.34513783065387,463.5278906144919,-109.93699975535061,455.78351292147545,19.52230062996768,39.98989370667482,43.607948718803634
S1,approach_drawer_handle,0.39,465.46781213149245,-115.21784900851004,456.0646753931047,464.90197055746404,-112.50036846471826,453.6582593220848,20.92220105408868,40.78420836075829,43.519620218864205
S1,approach_drawer_handle,0.4,466.23701626515174,-117.52645789179903,453.72954887138235,466.2928451115613,-115.0227547464906,451.41800189048416,21.228375018880897,40.69425803486126,43.77971821583202
S1,approach_drawer_handle,0.41000000000000003,467.7593037347214,-119.71407795511101,450.0532110233996,467.70350343099756,-117.48385236725976,449.09020120122216,20.583221346720208,40.973694553366414,43.044959650033086
S1,approach_drawer_handle,0.42,469.3083103699007,-121.71492585949552,447.35535136774837,469.0874174719084,-119.87192623346323,446.702889402943,20.173891670122362,41.960102926506686,42.275902000296405
S1,approach_drawer_handle,0.43,470.82925215243574,-123.75628586876375,445.4123962597818,470.3401496445445,-122.26865933884076,444.3352874546357,20.228553721919866,41.00617334783443,44.12633027248641
S1,approach_drawer_handle,0.44,471.740838325514,-125.80938790054472,443.46271393417067,471.4574371615483,-124.60847925264602,441.9484205670029,19.77079103450049,40.25917547581419,46.3211026467528
S1,approach_drawer_handle,0.45,472.6676484795755,-126.4988433855849,440.56595229276076,472.49579833873133,-126.82181229372974,439.3957929385993,20.566838495779848,39.773605083500684,46.64239105503634
S1,approach_drawer_handle,0.46,473.6503452656708,-127.54618818407157,437.9834295613443,473.6161008507583,-128.977408208539,436.6968458444977,20.822079272248246,40.42636151806518,46.74120903564536
S1,approach_drawer_handle,0.47000000000000003,474.6710698444267,-129.3846764662767,435.605589474406,474.7235968302271,-131.11111943068374,433.9581423167701,21.279830546065895,40.70129347334755,46.89192952873516
S1,approach_drawer_handle,0.48,475.7654230971025,-131.8935423154175,432.8759874172009,475.8273764279504,-133.23099762465694,431.1859293785896,21.2386116279261,41.55579982870257,46.89380367510465
S1,approach_drawer_handle,0.49,477.13070657582887,-134.45692204589176,429.8044787854625,476.91329833344713,-135.30661956425007,428.3518249948959,21.26024614412654,42.37873246861508,46.48815632150247
S1,approach_drawer_handle,0.5,478.7395712956327,-136.89545057210398,426.6542861170925,478.0204719406409,-137.2269427687555,425.3936577965314,21.72057125541314,40.46531733525381,45.92097661568199
S1,approach_drawer_handle,0.51,480.31839812709666,-139.22679399446082,423.45436686146286,479.10332079730995,-139.05021943603873,422.378626311139,21.91243051191919,37.83801193176644,45.40510684623982
S1,approach_drawer_handle,0.52,481.85769762004713,-140.5195355152606,420.5331712827674,480.2325255801855,-140.69986755457253,419.30725688145424,22.124284801939588,37.70795009499219,44.935744869680114
S1,approach_drawer_handle,0.53,482.57052150068296,-141.42328103395005,417.71460130917274,481.3913501704635,-142.09910206896612,416.23246051665694,22.48660461422571,37.72306011961448,45.09231788292528
S1,approach_drawer_handle,0.54,482.90800515282956,-142.0114421102097,415.14893654954733,482.560859202294,-143.40173323134366,413.14092418638415,22.458379759155925,37.23441628410336,45.76619286235809
S1,approach_drawer_handle,0.55,483.7130381109238,-143.82484359856332,412.703174638928,483.7278618157292,-144.6641079528,409.9964866518643,22.497146051672065,39.24659130797281,46.60402422715177
S1,approach_drawer_handle,0.56,485.2050591573087,-145.69314215856915,409.88596744760366,484.90067472576453,-145.88399773388838,406.8036608687367,22.59065751001132,41.392068999354,47.1049829503049
S1,approach_drawer_handle,0.5700000000000001,486.62257447110557,-147.01556991310656,407.22934724530467,486.09351391089314,-147.07021977284188,403.59838551154184,22.55462552232506,42.29240848302362,46.71895694671935
S1,approach_drawer_handle,0.58,487.65569583324776,-148.1173026323148,404.2874222276714,487.2871210100058,-148.2281072265058,400.35849759100546,22.28810543527771,43.065962045984556,45.657055042612136
S1,approach_drawer_handle,0.59,488.15848747936724,-149.82053873294126,400.73117822020896,488.5228718067769,-149.42768093132347,397.119199539762,21.514196053834365,43.80766096392887,44.52805681602175
S1,approach_drawer_handle,0.6,488.7897600249058,-151.5104361648421,397.21386040913353,489.78738017391976,-150.69578889753248,393.9011434210515,19.850477403141035,42.09073273210135,44.58758917794439
S1,approach_drawer_handle,0.61,489.9101653812969,-152.58128686914392,393.6920210921387,491.0917869472175,-151.99562789177304,390.7199509906105,18.67056744255337,39.975410811007556,44.53847053402846
S1,approach_drawer_handle,0.62,492.0055708195872,-153.198773230308,390.00638245795096,492.42102005370765,-153.25996963800625,387.5590860888952,18.683097506375887,38.660359235886254,43.73345627011454
S1,approach_drawer_handle,0.63,493.475452805651,-153.2917688773402,386.16444473109857,493.7791802681621,-154.48699521479418,384.4189786010666,19.69345367458748,36.87738417174052,42.58830155961874
S1,approach_drawer_handle,0.64,495.09049190630793,-154.8610412466489,382.53991815701045,495.1449720525528,-155.695872635355,381.3125302312632,19.227673438468734,35.52639178482229,41.26112291327527
S1,approach_drawer_handle,0.65,496.5141719316098,-157.1961582532158,379.17359293405883,496.5494570342318,-156.8564377438452,378.2785222529032,18.424167290507214,34.80106426351655,39.987771181543444
S1,approach_drawer_handle,0.66,497.9500273274726,-159.48311581660417,376.7972069597889,497.9692593728207,-157.92944366082267,375.29241919451175,18.832483381769045,35.58499134891036,38.76956007775802
S1,approach_drawer_handle,0.67,499.4310712668582,-160.89494135623715,374.4701058559233,499.3911057235583,-158.9793081364376,372.30256583273496,19.047784146259247,33.67118964876959,38.22581174281336
S1,approach_drawer_handle,0.68,499.69846102290705,-161.03391388949018,371.8402494369801,500.7826436763185,-159.95839744330766,369.2707580941223,17.972064292236247,33.14722514480281,37.39601949514969
S1,approach_drawer_handle,0.6900000000000001,500.9235770798174,-160.89062616475198,369.0687617935249,502.13783028745036,-160.88670006087602,366.19376450947215,17.9594195515782,33.24487108248889,35.62279185101774
S1,approach_drawer_handle,0.7000000000000001,502.5676708583426,-161.86975890527668,365.9104619986056,503.4082892900851,-161.8205068506125,363.0873431000097,18.38922009732913,32.08943179606566,34.36423423320171
S1,approach_drawer_handle,0.71,504.34595401932313,-163.1646564116558,362.8172074835806,504.58481002700825,-162.78507076171218,360.00833418134636,17.972848504272946,30.26835448819607,33.65213528858633
S1,approach_drawer_handle,0.72,506.31318020323636,-164.31901180376468,359.2597593580864,505.795310183688,-163.84209327814696,357.0213039825402,17.43544684147347,29.88868967278062,32.59293749380754
S1,approach_drawer_handle,0.73,508.49678910001,-165.47400394711877,355.6974966784505,507.13785512476386,-164.9084271081028,354.0636350486094,16.984225884310796,29.388841516204582,31.50401569611549
S1,approach_drawer_handle,0.74,509.78802421781256,-165.73688557280488,353.00706336538707,508.52487010839934,-165.83086775520843,351.13099943165776,16.771120895364675,30.325188201036553,31.571812571657667
S1,approach_drawer_handle,0.75,510.0371110634134,-166.46158891295818,350.06960136743373,509.9444899294451,-166.72093334728316,348.13374951484747,16.757575871571238,29.37870977491972,33.11296394363816
S1,approach_drawer_handle,0.76,510.663021679499,-168.32194710743292,346.770965264815,511.4169891225592,-167.4958835724422,345.11147585417615,16.78162784888832,29.718500391604437,34.796119193557004
S1,approach_drawer_handle,0.77,512.7516854384054,-168.45846172730415,343.53978860330636,512.9399886921167,-168.20564529907614,342.0790725873657,17.380972709343894,31.174673749804732,35.43433542742791
S1,approach_drawer_handle,0.78,513.6227739329152,-170.0855953548559,340.39834420729176,514.5152919421546,-168.8926256228713,339.0445002090771,17.262326200915574,31.747139429889316,36.49599994649143
S1,approach_drawer_handle,0.79,515.5611005905221,-170.10047601947986,337.3008680647939,516.1557543379421,-169.61358973495535,336.06923035125095,17.270399147189924,32.167199515954444,36.52371403624962
S1,approach_drawer_handle,0.8,517.4967077454384,-170.5539620711962,334.28230727983,517.8688859701225,-170.38201742822955,333.22533192675354,17.02595765832151,34.602725042033754,36.15581074753394
S1,approach_drawer_handle,0.81,519.2662477195128,-171.64379872635567,331.82499220993054,519.622678377187,-171.1538098336386,330.5133760903451,17.605419190941134,35.6293600848949,37.03643477373312
S1,approach_drawer_handle,0.8200000000000001,521.1854717515848,-173.02647806753419,329.9193748580926,521.4085522155607,-172.0290789204181,327.91216572602553,18.33031897401632,35.44236583664651,38.64420784661136
S1,approach_drawer_handle,0.8300000000000001,523.2855470758547,-173.23461364251534,327.43139744107884,523.1850765817663,-173.0243696782235,325.2972848457108,19.159194163245267,33.840564108228016,40.17872564838092
S1,approach_drawer_handle,0.84,525.482061647628,-173.89329710491566,325.39061991852225,525.0005302446646,-174.01409353388337,322.73427795400437,19.479823853938402,34.73214668632686,40.69476344771591
S1,approach_drawer_handle,0.85,527.9815226886305,-174.32199219351594,322.25251090170565,526.8545655422461,-175.19259263505032,320.0799955221565,20.05636865569049,36.0277810212594,40.35129223924428
S1,approach_drawer_handle,0.86,530.7529646536298,-174.68793120009713,319.274769603946,528.7208316991333,-176.5331933556059,317.4349324427643,20.43770865285272,35.99455895998943,41.24164543656987
S1,approach_drawer_handle,0.87,533.4375027464363,-175.42348434593444,316.625022211872,530.5658185166046,-177.93521408690825,314.8135299037196,20.64786591236306,36.15714726414715,42.54829458238512
S1,approach_drawer_handle,0.88,535.3114359625579,-176.6724091027477,313.99381631504804,532.332779162085,-179.26138557900268,312.2161390041585,20.890651190845183,36.76525375338202,43.95065704736665
S1,approach_drawer_handle,0.89,537.2901723140365,-178.23924387962143,311.6415423403479,534.0907792967098,-180.5106370449315,309.7203773609766,20.663040170760816,37.37751653559036,46.04686396865445
S1,approach_drawer_handle,0.9,540.3216615936219,-179.78472742154662,308.51804196546914,535.7872491205452,-181.63680492971298,307.29007413126766,20.666261128596773,38.777420994745164,48.982520065857535
S1,approach_drawer_handle,0.91,543.2893854003462,-182.26909643997465,305.85031354516616,537.4811083366837,-182.4440785748138,304.911420599325,20.32535840133377,42.07901040180369,52.15307034156791
S1,approach_drawer_handle,0.92,546.5534790295308,-183.15315165263507,304.05864125492326,539.2294311654931,-183.16094158010026,302.85174288954505,19.32332973369062,46.122852654687065,54.82970872482176
S1,approach_drawer_handle,0.93,548.1512819549166,-184.13290234315784,301.99722779314703,540.9644037249559,-184.29342210082822,301.02885935726204,19.846356392212552,47.946119345808896,55.81713443765209
S1,approach_drawer_handle,0.9400000000000001,549.4654524423726,-185.17148730832912,300.67263108496275,542.9081052902399,-185.39185855598382,299.2543834903927,19.596840071062026,49.05509067422449,56.74558449434532
S1,approach_drawer_handle,0.9500000000000001,549.2424614441345,-186.11390383096796,299.1062808286789,544.7636101392316,-186.3155239033008,297.6627885805055,19.97608681383319,47.728873917531274,55.78946870828222
S1,approach_drawer_handle,0.96,549.473264259364,-186.6814678216116,297.44885218859497,546.339280845522,-187.27076819539022,296.0692484523485,19.486250758121088,45.16499269776958,54.688368432649476
S1,approach_drawer_handle,0.97,551.5060548267832,-188.27346249755482,296.7346639485337,547.5896509112811,-188.11577577999643,294.5478948890883,19.46250181611894,47.09491653288199,54.552041810250515
S1,approach_drawer_handle,0.98,552.8953859554123,-187.73691107786834,295.7058748269825,548.2157151456984,-188.4617393421345,293.21605215058037,19.908191963518654,49.543332750848435,53.20307920195987
S1,approach_drawer_handle,0.99,553.3148971959934,-188.92926851910346,295.2952202787686,548.380214924556,-189.3128445314206,292.7875441763579,20.37175239992943,52.03517236558455,53.02155198216547
S1,approach_drawer_handle,1.0,551.4410400390625,-189.83478546142578,294.60398864746094,546.9477661132812,-189.69481201171874,293.1107208251953,19.629447650944357,51.32549135123231,53.40730286349608
S2,manipulate_drawer_open,0.0,551.4410400390625,-189.83478546142578,294.60398864746094,546.9477661132812,-189.69481201171874,293.1107208251953,19.629447650944357,51.32549135123231,53.40730286349608
S2,manipulate_drawer_open,0.01,550.6953301342487,-189.98375096011148,295.03151412253,545.953817405994,-189.53834738903666,293.2934035374515,19.663089260535624,52.395889660568145,54.56409697886083
S2,manipulate_drawer_open,0.02,550.5376099605162,-189.68746005202655,295.41908997920905,544.735635917859,-189.08998964737663,293.3239365983554,19.507484266951046,53.06767882420976,56.07220650451718
S2,manipulate_drawer_open,0.03,549.1966552707376,-189.28389326585273,295.85886449441784,543.5429978365505,-188.67952435064015,293.34186731166585,19.88060719231625,52.82244552234442,56.3605692769713
S2,manipulate_drawer_open,0.04,547.8025611575267,-189.0040785232398,295.8917280520342,542.3865396361903,-188.3019899404423,293.43152032321746,19.931050561172814,51.46501381290663,56.40295009971217
S2,manipulate_drawer_open,0.05,546.3770989166792,-188.55249385414345,295.45081279310557,541.0821933400423,-187.72706086165965,293.4686412218926,19.688340476676927,49.44716907403563,56.54430753903073
S2,manipulate_drawer_open,0.06,544.9666342994814,-188.17059084742743,295.58014988845486,539.6893527226614,-187.17909321136483,293.52843519438846,19.486397864665363,48.55521050528307,56.95526441485435
S2,manipulate_drawer_open,0.07,543.6083015833601,-187.89126275465662,295.3254568356433,538.2617017997603,-186.72717185937344,293.531289598564,19.621490826235245,48.755132743211,57.3278563318626
S2,manipulate_drawer_open,0.08,542.415062812217,-187.98879957133,294.8940721493792,536.8032148399853,-186.4004173775766,293.6053814809965,19.730450988662426,48.963365002872145,57.666608407310186
S2,manipulate_drawer_open,0.09,541.3037705261503,-188.07245984791172,294.5924129921681,535.3051154378983,-186.13449248702025,293.70301153267604,20.05304193984704,49.17596090230794,58.069907418505146
S2,manipulate_drawer_open,0.1,540.2278400647556,-187.89380812253154,294.6013502048016,533.8146064415115,-185.87222221651643,293.73894896174323,19.97465190625274,49.73115316164962,58.35389638885339
S2,manipulate_drawer_open,0.11,538.8893523360609,-187.42212125646824,294.6267542877108,532.3753020777034,-185.57115465808744,293.73493142093696,19.89156113871436,50.10334705828146,58.43480131064665
S2,manipulate_drawer_open,0.12,537.2733238741988,-187.06863438134087,294.4579690542085,530.8742318101384,-185.28807693262857,293.69046116156545,19.849245511361076,50.045938274915706,58.35465916441477
S2,manipulate_drawer_open,0.13,535.5483420684868,-186.59597923852442,294.5491406830499,529.3443176983214,-185.07429254961605,293.67629526109897,19.82699875780088,49.88452638581052,58.36043527260848
S2,manipulate_drawer_open,0.14,533.8120273073948,-186.33580261574744,294.7661888462095,527.8073752288458,-185.0123264133716,293.6784406779263,19.971928884053604,49.40632628389657,58.51241580140478
S2,manipulate_drawer_open,0.15,532.1827052249671,-186.19564018639187,295.0090118709658,526.222558145757,-185.0360935030317,293.64717812455075,19.987702941695975,48.93125952038445,58.810565739430444
S2,manipulate_drawer_open,0.16,530.5953983495336,-185.65660129842473,295.2999480141839,524.6457102418683,-185.12546834866495,293.6705506026431,20.02778700725883,48.736415717523066,59.03881932537696
S2,manipulate_drawer_open,0.17,528.7754045805283,-185.63845517123286,295.586154891741,523.0814776570077,-185.20282928022672,293.7394568258959,19.815166067386905,48.57848467770329,59.09052160080087
S2,manipulate_drawer_open,0.18,526.9015510867923,-185.61943765846053,295.751617392987,521.4975596496931,-185.21471407624233,293.736441186427,19.677808674651562,48.41021108394327,59.095042197030246
S2,manipulate_drawer_open,0.19,524.9891374326908,-185.78870567407984,295.81717461541393,519.9012798671545,-185.16442833403065,293.6907790008059,19.308118489803668,48.23500947201584,59.13576794782937
S2,manipulate_drawer_open,0.2,523.1536685604051,-185.87712152283177,295.8250811564709,518.298261413654,-185.06104847627438,293.6407887739293,18.79629605307216,48.20897113374125,59.22107785052781
S2,manipulate_drawer_open,0.21,521.5182115924866,-186.35120497317297,295.893947983991,516.6787128682822,-184.97956337065358,293.55169316535546,18.69624400120663,48.334892887911145,59.587452914602586
S2,manipulate_drawer_open,0.22,519.8203898849057,-186.76688900360392,295.84744834655703,515.0358310581091,-184.9288107584787,293.4769194107,18.765368079590203,48.37583943280638,59.81161729185156
S2,manipulate_drawer_open,0.23,518.1050569991386,-187.02187954985715,295.9873023022632,513.3932137404782,-184.91320694089174,293.45372265791013,19.016167548049175,48.54921775047363,60.04944458408641
S2,manipulate_drawer_open,0.24,516.4989704452262,-187.2876868072647,296.2916640067632,511.7913340979118,-184.9637353096623,293.47560431528836,19.260187996033594,48.89916869909419,60.42609662100538
S2,manipulate_drawer_open,0.25,514.9979792431839,-187.19660592453673,295.9281656675041,510.2067092709585,-185.0116630388055,293.4750805855141,19.3167214428004,48.968390329176195,60.57099300011929
S2,manipulate_drawer_open,0.26,513.7123046334643,-187.16971633741736,295.6341006497812,508.6248014800605,-185.0695791440216,293.48018922184957,19.382858540628344,49.2066233339865,60.924415804149426
S2,manipulate_drawer_open,0.27,512.1333056392327,-187.25374849079594,295.5981062565718,507.02697374266285,-185.17092716020287,293.4651805784016,19.487414388272864,49.36037210575823,61.15485687187665
S2,manipulate_drawer_open,0.28,510.60118203790614,-187.56648284050345,295.53182564005635,505.39124818832664,-185.25009720678398,293.42819649108475,19.59268046302566,49.5178989394739,61.47124051544856
S2,manipulate_drawer_open,0.29,509.0631580163957,-187.91836339856167,295.9110177894062,503.7397795760231,-185.33318859898037,293.40209513256923,19.610243684236938,49.94824334048082,61.93952626695668
S2,manipulate_drawer_open,0.3,507.49822549905934,-187.92087360169742,296.31765864982964,502.08514223504187,-185.42820165380772,293.4290489126502,19.58570258259224,50.38505499495138,62.263698387490244
S2,manipulate_drawer_open,0.31,505.8950218211812,-187.93218746954233,296.36635023271674,500.4230509430065,-185.55179612219814,293.4739557500613,19.732699786479596,50.56840186639944,62.34004254084629
S2,manipulate_drawer_open,0.32,504.308592995012,-187.71336918490357,296.3758377216327,498.7543818636514,-185.69289976862194,293.5404069525546,19.821481085456384,50.73181858677725,62.34644602035144
S2,manipulate_drawer_open,0.33,502.7264241603867,-187.48816433004515,296.1514205041271,497.08708616591196,-185.84948012986925,293.60950554054574,19.796696052774298,50.73284064684186,62.301570410265235
S2,manipulate_drawer_open,0.34,501.0995166888383,-187.67329267376908,296.0119861317705,495.40810440376424,-186.0132708082929,293.6384233177904,19.843877380481462,50.740980547372835,62.40109145087327
S2,manipulate_drawer_open,0.35000000000000003,499.4520245131112,-187.38388978848252,295.9747814988085,493.71902810201715,-186.18520667301942,293.6485943052843,20.02411325046381,50.747657817499245,62.47680580686311
S2,manipulate_drawer_open,0.36,497.79109993166946,-187.3814813500032,295.90713351405805,492.01015038094044,-186.33500241960527,293.6387265350167,20.031551129979718,50.71839301592695,62.61766318088551
S2,manipulate_drawer_open,0.37,496.1147018576212,-187.43631655455943,296.136026474539,490.2931278002243,-186.48040017521313,293.5967683213657,20.005901056781717,50.92058294657007,62.76650654228255
S2,manipulate_drawer_open,0.38,494.424789202704,-187.4681093572015,296.3379076032024,488.5767937748026,-186.62897475419496,293.551702597276,19.994366917920754,51.14793646229451,62.82522044182009
S2,manipulate_drawer_open,0.39,492.70696870382847,-187.52480739754114,296.18098138570605,486.8675785999281,-186.78354563743332,293.52047644584036,19.758736844374088,51.12802299928018,62.7756991361491
S2,manipulate_drawer_open,0.4,490.97076408433225,-187.56295859520276,296.0721944163058,485.1654172607924,-186.93941417013068,293.51210815881916,19.404713425748934,51.08856079824813,62.75796755060909
S2,manipulate_drawer_open,0.41000000000000003,489.22800042304385,-187.55922488747296,296.3119025224854,483.46760882105553,-187.07976454659928,293.50352518143575,19.050872726567448,51.238471216253046,62.870727478557725
S2,manipulate_drawer_open,0.42,487.48301470494897,-187.55060952857994,296.5712600710091,481.7737134863404,-187.19453208082962,293.4670823048588,18.771264663249276,51.37737302442475,63.03562502849991
S2,manipulate_drawer_open,0.43,485.74476735279563,-187.54162203202858,296.7647959206539,480.0814100608753,-187.27072581172595,293.42830932173877,18.55550816007466,51.39906717220882,63.23608144905459
S2,manipulate_drawer_open,0.44,484.01472870330883,-187.73129201993044,296.68256693209605,478.37765038979796,-187.28791586049886,293.36900980998774,18.70569905801675,51.168608142898094,63.411350152560665
S2,manipulate_drawer_open,0.45,482.3012790937239,-187.8614632130047,296.6102292727415,476.679991526571,-187.33610710448514,293.32534590368516,18.796892170341646,50.86179821969941,63.5801263595105
S2,manipulate_drawer_open,0.46,480.59174779103716,-188.3232672001045,296.5107337673031,474.98892124855473,-187.4175931594402,293.3125029675252,18.823880143603013,50.505696830970855,63.79387076210333
S2,manipulate_drawer_open,0.47000000000000003,478.88046815100176,-188.78877758081677,296.3832514623904,473.3011928140616,-187.4942088325579,293.3213725109518,18.86454840158199,50.12138304824898,63.987070683309234
S2,manipulate_drawer_open,0.48,477.173843783693,-188.8663214169652,296.1080501984516,471.61425019149567,-187.5703233431327,293.33065215049487,18.885465512267526,49.643132049621045,64.0287194114148
S2,manipulate_drawer_open,0.49,475.47994967249844,-188.83143714174048,296.18104753411035,469.9238381285268,-187.6451459597347,293.3527027534061,19.116288561834473,49.39059677293452,64.14597529317057
S2,manipulate_drawer_open,0.5,473.796085171822,-188.6397299677114,296.47860100418535,468.2186372221259,-187.6993975352498,293.3921926940593,19.395593925186777,49.33968368934276,64.25391590278075
S2,manipulate_drawer_open,0.51,472.02515086977695,-188.6405120013085,297.2450207945676,466.51018700348084,-187.744007162693,293.4490421205524,19.591980922205522,49.56571968893221,64.42589300253252
S2,manipulate_drawer_open,0.52,470.21195361846446,-188.37108773198975,297.8203702882549,464.8038337723102,-187.75689077282323,293.5119905476158,19.800619084925103,49.74805821530734,64.376236946961
S2,manipulate_drawer_open,0.53,468.4130287943337,-188.42646447391434,297.87205592647774,463.1069809857943,-187.77311743221736,293.5760049634547,19.847567197914746,49.676261693295615,64.16868789451057
S2,manipulate_drawer_open,0.54,466.624665037418,-188.86864194212075,297.55839767451374,461.41519062178463,-187.75801584353138,293.60829968834906,20.1039418397588,49.415656700992955,63.918093687951874
S2,manipulate_drawer_open,0.55,464.8972053686619,-189.32291272114327,297.70567094393647,459.70936541854553,-187.78017842309816,293.65243774686604,20.205698939260735,49.516887506950575,63.926445011724525
S2,manipulate_drawer_open,0.56,463.16779430830275,-189.4618940642348,297.6765148966297,457.9966835965246,-187.81510764498063,293.6774205697696,20.118594134317576,49.54649129971583,63.8366265852918
S2,manipulate_drawer_open,0.5700000000000001,461.4412327953253,-189.30785946714252,297.8837321746081,456.28796834255337,-187.87160186131803,293.699965125473,20.134211660202734,49.74007194793464,63.724737046264146
S2,manipulate_drawer_open,0.58,459.7187691720484,-189.12774857373466,298.24209426410926,454.5831721502223,-187.94070853726097,293.73972612261304,20.235727153149767,50.044504237365025,63.58421018537016
S2,manipulate_drawer_open,0.59,457.9940849250507,-189.26616415450775,298.5554806652218,452.8852952534338,-188.00300510217772,293.76522367273384,20.295661811343642,50.343276312753616,63.391496111297755
S2,manipulate_drawer_open,0.6,456.27155124425275,-188.92907345251447,298.78048191046423,451.1925390693929,-188.03432465655033,293.7871269668503,20.45473692702852,50.58545753415011,63.02750285709061
S2,manipulate_drawer_open,0.61,454.54241325550095,-188.85177719314117,298.89750046935364,449.5029795456904,-188.01131851357044,293.8196921664738,20.546063785688837,50.733727051983855,62.58538867924175
S2,manipulate_drawer_open,0.62,452.80660152512564,-188.6242523304067,298.96688913716815,447.8120611362523,-187.94349556075252,293.8691238604167,20.86587421055708,50.83422864079324,62.30388131850109
S2,manipulate_drawer_open,0.63,451.07570674966615,-188.5522484691718,298.8512895923368,446.11881834913345,-187.89634330560696,293.9049707975087,21.158504191674158,50.8131299475813,62.14932258040317
S2,manipulate_drawer_open,0.64,449.3672118457427,-188.71705533058596,298.7050716036709,444.4309561825857,-187.89847586294107,293.9195134875157,21.3923799626792,50.72873238176166,62.09925461715835
S2,manipulate_drawer_open,0.65,447.6921440080799,-189.08217392082145,298.5930144851033,442.7495410535856,-187.95445761816828,293.93970229250255,21.519107632558324,50.70769064322363,62.19333781918105
S2,manipulate_drawer_open,0.66,446.07325763720473,-188.9254667829232,298.44090286538255,441.06611726282387,-188.03543049732363,293.9643802179769,21.871558146585866,50.69189933469472,62.32098409557602
S2,manipulate_drawer_open,0.67,444.4654454789627,-188.85756689511922,298.2862415092668,439.36774899379014,-188.13375405906677,293.9871602976458,22.092452275433672,50.671892418346545,62.532239014545524
S2,manipulate_drawer_open,0.68,442.80569681074024,-189.00320435685398,298.2602290214966,437.65967785069864,-188.21243168772045,294.0235625730655,22.148345139574985,50.66241831868849,62.73977397562248
S2,manipulate_drawer_open,0.6900000000000001,441.07851064181,-189.1966323101139,298.3129182764559,435.9409718141936,-188.31910453396338,294.05107520678655,22.173832816176095,50.56607325136626,62.79969134777779
S2,manipulate_drawer_open,0.7000000000000001,439.341594092106,-188.99192889612584,298.3751234689664,434.2234271459601,-188.4703373139481,294.0640013001354,22.487850775520002,50.37754720675873,62.729539951957406
S2,manipulate_drawer_open,0.71,437.61021967550244,-189.0228950699573,298.44936554923993,432.5062008308174,-188.62832982161356,294.0641005780694,22.647526949176182,50.200844267464525,62.71788553769288
S2,manipulate_drawer_open,0.72,435.87988589744117,-189.25810527971979,298.55439031601213,430.80093338532447,-188.80004025102232,294.07105611833856,22.648722854590577,49.98653776741868,62.67410111167571
S2,manipulate_drawer_open,0.73,434.14209522512436,-189.64099767853637,298.64840456976253,429.10462952756535,-188.95307485756695,294.08123611363504,22.523977485466215,49.7239814820046,62.66415819506507
S2,manipulate_drawer_open,0.74,432.4100883185845,-190.0194706462459,298.73657397408766,427.43246616124287,-189.09398163690622,294.0879335912314,22.393601058805757,49.4511108826494,62.72812468814267
S2,manipulate_drawer_open,0.75,431.07713592730727,-190.26622029641757,298.92964739263675,425.7945531773836,-189.22603186596845,294.118644590599,21.94161554525809,49.57531478565392,63.20251502895877
S2,manipulate_drawer_open,0.76,429.9259129445677,-190.26289346630028,299.00905568142286,424.1727849619637,-189.3479500606658,294.189851870597,21.872324845917053,49.887989398096565,63.735696169065065
S2,manipulate_drawer_open,0.77,428.5618230555102,-190.0427722449627,299.0167944496827,422.5651108880065,-189.46468278790476,294.3087570897448,22.07562183534268,50.06925532782292,63.920229152013746
S2,manipulate_drawer_open,0.78,426.9603200029271,-190.07553993971786,299.14018425406744,420.9793283466149,-189.54013502875415,294.51638086598234,22.370508567357113,50.13052793696482,63.84748938474892
S2,manipulate_drawer_open,0.79,425.26430995574003,-190.09317316958652,299.20333916158387,419.4940131774017,-189.53924115674528,294.70323854343684,22.149391939874157,50.11411931201365,62.880896035357644
S2,manipulate_drawer_open,0.8,423.52196247184236,-189.90668715905565,299.2500957129231,417.97582831134247,-189.43629046509403,294.7664899947779,22.329621036974928,50.06142137840444,61.85570477846444
S2,manipulate_drawer_open,0.81,421.85670982546196,-190.3182727583649,299.184750944449,416.4167399077283,-189.3491556717697,294.74232990391795,22.186853910381892,50.03929810240842,61.60699586135517
S2,manipulate_drawer_open,0.8200000000000001,420.1608585505777,-190.70482116208953,299.1606225006477,414.84529263816904,-189.2749926829968,294.6443987734498,21.977562583973686,50.0468122986265,61.72774019054114
S2,manipulate_drawer_open,0.8300000000000001,418.4238172166998,-190.63206381143783,298.92838123970387,413.26482486816263,-189.20844573746461,294.54286856212025,21.803858907572973,49.768218167839926,61.71538128740161
S2,manipulate_drawer_open,0.84,416.7131476122456,-190.97581403071,298.2284412061432,411.69240024873176,-189.20977061445527,294.412262584003,21.365730900950474,49.14406090648831,61.608993207804
S2,manipulate_drawer_open,0.85,414.9831608274248,-190.83711317213954,297.6835630052298,410.16047734486546,-189.3221419929061,294.2149444455277,21.341461451159645,48.83814931325847,60.965383039004124
S2,manipulate_drawer_open,0.86,413.7274663850303,-190.8229006341814,297.8205881233725,408.6663120939621,-189.4898748016461,294.0333188802981,21.27472038692101,49.19168957537075,60.074350386333464
S2,manipulate_drawer_open,0.87,412.73057701673156,-190.72014525855008,297.795473413076,407.197927762444,-189.64929025679524,293.87667463592396,21.32606612091498,49.82133541733143,59.25221164452801
S2,manipulate_drawer_open,0.88,411.7493714694408,-190.65278327734694,297.6569659927683,405.76459395678353,-189.79894003922794,293.7667860562582,21.873993526975372,50.616374052551684,58.255144915672304
S2,manipulate_drawer_open,0.89,410.67323320313767,-189.6822196808879,297.5509726516857,404.33041409390097,-189.92163772703685,293.69492005521806,22.804194187829342,51.082346390131114,56.82764195783241
S2,manipulate_drawer_open,0.9,409.1168401946172,-189.3905183302768,297.3289512792604,402.9191562083029,-189.9634961639175,293.58290883966106,23.138108154109556,50.986134882491534,55.32156670142663
S2,manipulate_drawer_open,0.91,407.6010207170659,-188.64443223024537,297.12316980261755,401.53390028186567,-189.98532422427124,293.40173801342786,23.27694509236701,49.95712670088415,54.50156847887314
S2,manipulate_drawer_open,0.92,406.06274581487776,-189.1818962147342,296.3821597376048,400.30038262278674,-190.18915482357815,293.3225992408809,23.23556321006253,48.73966075762541,54.12444693073265
S2,manipulate_drawer_open,0.93,404.4909483946784,-189.72106856109343,296.0657154688709,399.2090556898686,-190.3010221957077,293.30774990583836,23.166017467112624,48.5992509272562,53.61063350516648
S2,manipulate_drawer_open,0.9400000000000001,402.9393897127278,-189.4489681369751,296.07158180227265,398.2643228862129,-190.1017940970974,293.36580447948825,23.540531576021095,48.316446553450426,53.019080411975594
S2,manipulate_drawer_open,0.9500000000000001,401.4395391970503,-188.92245256836074,295.8457633755154,397.4259468228177,-189.95016990786868,293.372996917078,23.555807892002512,48.44578547824106,52.08686089127455
S2,manipulate_drawer_open,0.96,399.9474590476367,-188.67973492973704,295.982249898434,396.8376597382191,-189.62969580017972,293.5616995942684,23.756267717416748,48.66256972728168,50.7469120260557
S2,manipulate_drawer_open,0.97,399.08841543758354,-188.5087559193718,295.96959061807036,396.6954297772028,-189.1337900472607,293.98799798229936,23.3884926444277,48.69128739411117,49.596618100689575
S2,manipulate_drawer_open,0.98,399.3697699940797,-188.9312797827899,295.71862849272486,396.8584422530459,-188.79039106035776,294.6057102834953,23.34783645793538,47.33075917717145,50.08532716196222
S2,manipulate_drawer_open,0.99,399.42672493933526,-189.55614269072157,296.3656905528561,397.2134406403331,-188.63566563067968,295.384084998538,24.082727389741315,46.740326524167365,50.90467190239843
S2,manipulate_drawer_open,1.0,399.5177459716797,-189.37460327148438,297.36424255371094,397.1183258056641,-188.36017049153645,296.25243123372394,23.767180518091898,46.954356701715604,51.30410567718239
S3,approach_blue_block_in_drawer,0.0,399.5177459716797,-189.37460327148438,297.36424255371094,397.1183258056641,-188.36017049153645,296.25243123372394,23.767180518091898,46.954356701715604,51.30410567718239
S3,approach_blue_block_in_drawer,0.01,399.0596643292977,-189.21041301453,300.83344376322304,396.61473908133394,-187.40299614069122,298.8615351758597,25.413615916989475,47.87631849204787,51.85677075425521
S3,approach_blue_block_in_drawer,0.02,397.7575431153907,-187.89266461540365,304.5337770203723,396.13251143952226,-186.4536762314527,301.7138894390024,25.789125889667567,49.684256675289824,52.275328504851046
S3,approach_blue_block_in_drawer,0.03,396.7466963037689,-186.14572438335045,308.27379103311387,395.8338937710258,-185.43658171012876,304.77192998456945,25.128278299271557,49.64223549931666,52.48215738672718
S3,approach_blue_block_in_drawer,0.04,396.1833440812143,-185.73434293387209,311.3117336122518,395.4567380619815,-184.46568539360248,307.75182903742996,24.639109632619302,48.96737511354925,52.39557302020645
S3,approach_blue_block_in_drawer,0.05,395.65758693218646,-184.4087819457303,311.9869120133868,395.2535434918625,-183.57821295023388,310.4299028523349,25.187288018719663,48.40211678684964,50.85176082749702
S3,approach_blue_block_in_drawer,0.06,395.4889471716367,-184.64478251704054,314.62024652249715,395.3049795498447,-182.77825750072427,312.9772616730794,26.713589161539957,49.03434543819912,50.88021369680184
S3,approach_blue_block_in_drawer,0.07,395.729531432517,-183.3992529689022,316.98882607240193,395.5020006662267,-182.02432083656112,315.5539952316903,28.74087140124903,49.27996589738021,51.03234868185217
S3,approach_blue_block_in_drawer,0.08,396.0046412780556,-182.3205756468302,319.71114699095267,395.81123047323547,-181.29624556765293,318.3121831653959,29.454144638882433,49.176812212689846,51.3278474988811
S3,approach_blue_block_in_drawer,0.09,396.27092360800935,-181.48317313260884,323.35458182383974,396.17737555730486,-180.65843952441267,321.18151390392154,30.764186040743304,49.27419325866973,51.56875315695722
S3,approach_blue_block_in_drawer,0.1,396.53218296058003,-180.55893602349101,327.3372572877682,396.5816494783831,-180.13390333796093,324.30678115967146,30.7204115437876,49.44533733010733,51.67521216121155
S3,approach_blue_block_in_drawer,0.11,396.86640757117596,-180.0450844366515,331.3186177728785,396.9352585912489,-179.5253805291776,327.50608186765965,32.70138970483755,49.54696753325491,51.75817931774186
S3,approach_blue_block_in_drawer,0.12,397.36119152413625,-179.73842155185292,335.1247373619696,397.2570065149955,-178.9162087359218,330.6806063194641,34.12880206591514,51.28821976121773,53.088459585387156
S3,approach_blue_block_in_drawer,0.13,397.96032220906227,-179.45434980886222,338.4183807206766,397.5836070280874,-178.32670443287998,333.88532970518685,34.7740274672917,51.17217417727093,56.43062954773381
S3,approach_blue_block_in_drawer,0.14,398.6116506174292,-179.17089566613188,341.78633867604333,397.92884910734017,-177.74451596223327,337.1698287174728,35.40616853633781,51.2814056887838,59.1626293453627
S3,approach_blue_block_in_drawer,0.15,399.2954043211233,-178.43395567235837,345.16542102969913,398.326275036414,-177.15989186607763,340.5758927938058,35.22844271543136,51.717504344390406,60.5339124014388
S3,approach_blue_block_in_drawer,0.16,399.9651405155217,-177.06661165385873,348.54762998633237,398.78554593226795,-176.54378821421287,344.077943567388,35.07736433324524,52.50832017034944,61.91776938571201
S3,approach_blue_block_in_drawer,0.17,400.6072083194709,-176.3584379868596,351.92704024372915,399.3214870934514,-175.91909593615577,347.6394739380428,34.81511800269991,53.61060908127849,63.352452321881074
S3,approach_blue_block_in_drawer,0.18,401.22735085154056,-175.60346797712265,355.28696681982296,399.8652307750661,-175.31019762137825,351.2620968774086,34.63868589137757,53.0794065645769,64.02234191715614
S3,approach_blue_block_in_drawer,0.19,401.8218051503642,-174.90038736225068,358.63933934222246,400.41311433815224,-174.6392879946497,354.87178039054714,34.62085602405078,52.10865873587275,64.64421337151393
S3,approach_blue_block_in_drawer,0.2,402.48645903810933,-174.2035596906903,362.0932823290817,400.98118750729714,-173.95891825885883,358.482146499202,34.6295494733759,51.33310529025279,65.11407791755045
S3,approach_blue_block_in_drawer,0.21,403.4520304826524,-173.53335129985425,365.5511573382703,401.56490861313944,-173.26434945025218,362.08108135599144,34.67168412513125,51.60824663242882,65.41169378330213
S3,approach_blue_block_in_drawer,0.22,404.6075441402408,-172.30873398215627,369.01055846381996,402.14000845126765,-172.54053146821857,365.6721696500195,34.24127044230278,52.031628197185086,65.548382303112
S3,approach_blue_block_in_drawer,0.23,405.73078697507276,-171.2695641371827,372.4268568191974,402.74559210329284,-171.79134862627973,369.25700144477565,33.84813572619568,52.35155546260597,65.62329350848783
S3,approach_blue_block_in_drawer,0.24,406.91213843043226,-170.928511013192,375.855525181414,403.3931569850678,-171.0573354821423,372.84505997970723,33.563835913932444,52.57828674915267,65.79944043179951
S3,approach_blue_block_in_drawer,0.25,408.13821779036033,-170.60512939055462,379.2444831384034,404.0734649144151,-170.36968876011127,376.4343928784614,33.264952686862884,52.82118092003094,65.95074121101669
S3,approach_blue_block_in_drawer,0.26,409.38748469190614,-170.24547932648463,382.599228926539,404.81334525518815,-169.68897347447475,379.96750495980757,33.06100791698407,53.077000290079404,66.07361632198308
S3,approach_blue_block_in_drawer,0.27,410.64960346203685,-169.88323314407825,386.5667410433629,405.6123826963391,-169.09335934594907,383.45208782793355,33.91653823404367,53.55031658456228,66.47381179893654
S3,approach_blue_block_in_drawer,0.28,411.675907374084,-169.41115675020757,390.60067931644,406.4814231562922,-168.5395927107998,386.9520549880468,34.05482979516276,53.76568903801329,66.8295035881391
S3,approach_blue_block_in_drawer,0.29,412.71052601717,-168.89625800622665,394.36741600562834,407.4251229476347,-168.0021548492455,390.4430132100064,34.07489961271497,54.32203245521042,67.08780050896445
S3,approach_blue_block_in_drawer,0.3,413.7244878798325,-168.3155412172075,397.62633629555194,408.40979920443016,-167.56716048013945,393.90786148545607,34.3741551605295,55.81433478112941,67.14279721617682
S3,approach_blue_block_in_drawer,0.31,414.5755689755235,-167.72308155083948,400.87199803466126,409.48823197668946,-167.22666438725008,397.3306705488008,34.833075613761466,57.530833382616635,67.15430459499069
S3,approach_blue_block_in_drawer,0.32,415.3327925381486,-167.2128576745091,404.12062346731665,410.7242144362814,-166.85829739026028,400.70540666326764,35.432648210139575,58.326633009427795,66.8165832579282
S3,approach_blue_block_in_drawer,0.33,416.04179444961517,-167.1612490971306,407.30992791015444,412.05143575506514,-166.44459271184834,404.04845000723566,36.196736709564014,58.083780208267925,66.36784389049407
S3,approach_blue_block_in_drawer,0.34,416.68039325827965,-167.19224597217968,410.4034399632843,413.4959733985591,-165.99301547625316,407.3034704179592,37.131632546078976,56.8730436429742,65.80347525708295
S3,approach_blue_block_in_drawer,0.35000000000000003,417.2723352151624,-167.23920779999193,413.508466772371,415.0085257196411,-165.52976197754106,410.48798516644524,37.924838417085546,55.31769548635367,65.25435111148283
S3,approach_blue_block_in_drawer,0.36,418.2660141441258,-167.2193670992478,416.9347644031617,416.6391733022768,-165.07863441484687,413.5445967782102,38.281578833236495,54.20799523628547,65.06196082229297
S3,approach_blue_block_in_drawer,0.37,419.70236622819266,-167.0628479437873,420.17706626325446,418.4578919756842,-164.6478583299876,416.42751895858225,38.432232675192424,54.54165383035501,64.78222264516316
S3,approach_blue_block_in_drawer,0.38,421.8566825999783,-167.2886426523972,423.158936727089,420.35637306572966,-164.38273131528706,419.13246293521377,38.474373756905166,56.49616937757826,64.47091778970723
S3,approach_blue_block_in_drawer,0.39,424.07719271465,-167.39834074995463,426.1372893698354,422.3748792599275,-164.15687308114073,421.76816139925484,38.440711244436756,56.91168085988335,65.74262016296726
S3,approach_blue_block_in_drawer,0.4,425.99967148837356,-167.6598770730136,427.56142031142156,424.5827251298104,-163.9818824283452,424.2380093321652,38.15110875963255,60.13657003510374,66.28528333012011
S3,approach_blue_block_in_drawer,0.41000000000000003,428.3906856450583,-166.76567304134147,429.43303308895713,426.91868547734015,-163.88184477711567,426.4341012307872,37.286396216603265,63.13115036023953,66.32777612240905
S3,approach_blue_block_in_drawer,0.42,431.47695725810354,-166.1417549054156,431.16219251536677,429.3653381681088,-163.80539052833393,428.4825657237465,36.14041242881323,64.3120628483256,67.90218749798274
S3,approach_blue_block_in_drawer,0.43,434.6855041429183,-165.10394734630464,432.65459780243214,431.85812122000164,-163.89825267478912,430.26734030768137,34.92676767204088,63.03103152919326,67.80411133884475
S3,approach_blue_block_in_drawer,0.44,437.0185870597599,-164.61412418358162,433.5473399804166,434.47133625537947,-164.06831947875105,431.8028274340556,34.0435880445158,61.69380230878058,66.35521159773799
S3,approach_blue_block_in_drawer,0.45,439.64463047510446,-162.88934181804336,434.6670202795864,437.1775108062602,-164.12808828050916,433.1099237883699,33.37040846163042,61.49873518999392,65.15437255234325
S3,approach_blue_block_in_drawer,0.46,441.80257536758575,-162.6907414104628,434.6487443303499,440.03279702383566,-164.25362070641597,433.9394228834536,32.350665155811626,62.02128953831606,63.51314413608001
S3,approach_blue_block_in_drawer,0.47000000000000003,444.511650339693,-164.88040702803505,436.5343971316249,442.92068259092827,-164.32229165922192,434.51726997179827,33.21325369414002,61.27867868110452,63.50677951321875
S3,approach_blue_block_in_drawer,0.48,447.76652050834673,-165.75317217107542,435.66437438239757,445.806926497554,-164.48075962989043,434.9352786155849,32.41944347668071,61.57675343632963,62.996400931811024
S3,approach_blue_block_in_drawer,0.49,450.94648762111524,-166.83496019297422,434.31118782730823,448.74908726033414,-164.8741559607179,435.0320177207903,31.40279623200788,59.804731926370934,63.13190825410594
S3,approach_blue_block_in_drawer,0.5,453.964378096458,-167.85213794360902,432.31065280725045,451.68766021838616,-165.30167097396603,434.82849607510974,31.094328301920044,59.666446476542646,63.87764384262242
S3,approach_blue_block_in_drawer,0.51,457.14753707039665,-168.79144502875482,433.2168744093267,454.64613999000795,-165.7047352471423,434.385021093559,31.00777251639932,58.992557107706425,64.19970424248025
S3,approach_blue_block_in_drawer,0.52,460.2751516022355,-168.54037057633266,431.395967558597,457.5393222663715,-166.12381928034216,433.6743304208679,31.24862408974994,59.37617308321219,64.72579459586886
S3,approach_blue_block_in_drawer,0.53,463.2994510832813,-168.10983871388333,430.55403907311086,460.33370738479283,-166.46638945356835,432.75475772756675,30.222989005333908,59.44247456436978,65.15587002999668
S3,approach_blue_block_in_drawer,0.54,466.3619697939214,-168.2875294581728,429.7019148910217,463.1321413665317,-166.79673476520875,431.43821893182866,30.528377201427475,59.395063642854396,65.39334669264208
S3,approach_blue_block_in_drawer,0.55,469.3423306709892,-168.3130008845282,428.57668785270926,465.87737684852993,-167.2158617458573,429.74874802629193,29.895427035496493,59.47498141028377,65.5169648884064
S3,approach_blue_block_in_drawer,0.56,472.17200326755363,-168.02737317693777,426.94265025315053,468.4812210448505,-167.6900610658631,427.7402097776011,29.48285463388408,59.87455603677339,65.98468786369418
S3,approach_blue_block_in_drawer,0.5700000000000001,474.91481162427135,-169.01626074592724,424.2138223099761,470.8125374626735,-168.1225823798487,425.3813129532618,28.624817796517938,60.18102544053075,66.86828515060988
S3,approach_blue_block_in_drawer,0.58,476.75306611352244,-169.54229843534497,421.359935511252,472.87392369579504,-168.48440385570788,422.8453000774975,27.82162462290433,59.68445758619621,66.25267697963434
S3,approach_blue_block_in_drawer,0.59,478.90444861322396,-169.06091134555942,418.48671735018456,474.7587740310989,-168.7738105108651,420.2037688838105,27.87759056283288,59.651552470363086,65.57900332302148
S3,approach_blue_block_in_drawer,0.6,481.15489765374275,-167.82398774248804,416.7377806036907,476.58459176575406,-168.97948778971224,417.47540658034444,28.796763969174727,59.51511428987701,64.686671906718
S3,approach_blue_block_in_drawer,0.61,483.27261231605434,-168.19589233129255,414.3288401544004,478.3775294129066,-169.20209199552164,414.6030842765196,28.87977310920651,58.45407086636351,63.75860612049207
S3,approach_blue_block_in_drawer,0.62,485.420557998077,-168.32479115504503,410.7386535483914,480.04876934291826,-169.27244514527905,411.67802312049986,29.422033924411195,57.67453975663816,63.25922260700342
S3,approach_blue_block_in_drawer,0.63,487.679997563317,-167.49353587617958,407.4323122727562,481.65019022360553,-169.24669138354068,408.7783138354619,28.783187062278028,57.06776188164793,62.986256156484465
S3,approach_blue_block_in_drawer,0.64,490.09250583704795,-165.97819766444215,404.1587109429835,483.2916032307107,-169.24463460525735,405.95368121869683,27.64329356118534,56.65180670802836,62.327818878131744
S3,approach_blue_block_in_drawer,0.65,492.47150116749947,-164.75289758685437,401.0609194499202,484.87193107114183,-169.31205835075286,402.9921037772939,28.299148022381978,56.50796444513455,61.87119002412571
S3,approach_blue_block_in_drawer,0.66,494.66980270502677,-163.74271244546702,398.2519286671663,486.4197977604313,-169.2674139035657,399.9908353745597,28.326017705649964,55.958226609311446,62.5932604154116
S3,approach_blue_block_in_drawer,0.67,495.9985814337292,-163.75827279589936,395.2296648156698,487.91838698517495,-169.07877777385744,396.9469029118622,27.89773075385709,55.97284381362207,62.21161022209612
S3,approach_blue_block_in_drawer,0.68,497.2699646639153,-162.60975115578006,392.504779678659,489.4371518817963,-168.78273045304022,393.9113080396683,27.963693891191284,57.76173621360536,61.61016428304679
S3,approach_blue_block_in_drawer,0.6900000000000001,499.11564576571595,-162.80290558504367,389.4966344451135,490.9972845980544,-168.47138558201388,390.9070067730853,27.784170930180597,58.8003107116261,61.8237350517329
S3,approach_blue_block_in_drawer,0.7000000000000001,500.7301360429441,-163.12577974418738,386.9749464558615,492.4178063504236,-168.3368544714576,387.8650999051227,27.782336382795208,59.08014643007413,62.28146125938099
S3,approach_blue_block_in_drawer,0.71,502.44433959086575,-162.42631667084498,384.12427002231664,493.74172802233016,-168.23011648616955,384.8147087500565,27.52372870207151,60.60056632424254,63.94786976201051
S3,approach_blue_block_in_drawer,0.72,504.382625427264,-163.18125004880466,381.4056693768981,495.0137095663439,-168.06328203041878,381.77081715284476,27.03644608797682,59.582919434945936,66.39320913818206
S3,approach_blue_block_in_drawer,0.73,506.24096588488516,-164.71936265041552,378.44047613733505,496.16057835080926,-167.93287444834186,378.61929115854093,27.198632726656683,57.994461355840315,69.10574001094133
S3,approach_blue_block_in_drawer,0.74,508.077447926087,-164.0463537540007,375.365835773901,497.23523276579647,-167.6467527318777,375.4210251881353,27.945188772382167,59.24849417422254,71.51396047203083
S3,approach_blue_block_in_drawer,0.75,509.2882078196538,-163.42471229666177,372.3448472217743,498.30289189999075,-167.23174089644985,372.2628804834157,28.066321608034507,59.659471057118836,73.23901970732825
S3,approach_blue_block_in_drawer,0.76,510.7016734356206,-163.43742663624016,369.48830779003663,499.44486835105096,-166.876807464288,369.094085321538,28.606901157528426,59.81214237957923,74.93811799945709
S3,approach_blue_block_in_drawer,0.77,512.5043810567145,-164.0717694293237,366.7924924607596,500.55771436594074,-166.72343219309136,365.90365435480015,28.010278281283863,59.933928287242054,76.86057876087231
S3,approach_blue_block_in_drawer,0.78,514.3741075492538,-164.78626961495445,364.2719927841148,501.6299476264639,-166.68729273261985,362.79068047114896,28.004173143403456,62.168561094929146,76.7204185418876
S3,approach_blue_block_in_drawer,0.79,514.5788376162548,-165.34866950189453,361.66190510002025,502.85941128505885,-166.85247891347976,359.75560535234376,29.13924279419338,63.18205373371069,74.86946134984571
S3,approach_blue_block_in_drawer,0.8,513.5753051555439,-165.61914650603651,358.40993306717155,504.0291426683849,-166.9270271701189,356.7158916628125,27.932021654647407,62.43416643323215,72.1088029891647
S3,approach_blue_block_in_drawer,0.81,512.4673260464466,-165.854766140559,355.0979284386358,504.93767812383993,-166.8192353090255,353.64439660633406,27.499182761535046,61.412745896015934,70.22231134496843
S3,approach_blue_block_in_drawer,0.8200000000000001,511.9645299897642,-166.68466580503042,351.7826305609565,505.8584540514683,-166.7322044064214,350.6479646260563,28.052306931023395,61.46652588143295,67.71964830973648
S3,approach_blue_block_in_drawer,0.8300000000000001,513.0121827723918,-167.11720302242298,348.5313426972042,506.87081115624574,-166.8416366733288,347.5669904232605,27.714249812969555,63.53519360065407,67.60515395386469
S3,approach_blue_block_in_drawer,0.84,514.4740234604708,-166.6791479136947,345.4917561768078,508.09704376925487,-166.904382442745,344.57846266035887,27.443324137072416,65.47204442711588,68.56052715756769
S3,approach_blue_block_in_drawer,0.85,516.0475607457386,-166.43906698742472,341.92898473881564,509.4260152306477,-166.84665240103516,341.5920222965739,28.097457221143273,65.07820410629624,69.32773894373008
S3,approach_blue_block_in_drawer,0.86,517.2419442803289,-167.3774470791637,339.10354250080155,510.64907012782356,-167.20511856746796,338.4792162700263,27.643817169982782,65.39307082977821,69.24198269930474
S3,approach_blue_block_in_drawer,0.87,518.7261487342888,-168.6045197445073,336.0707861947841,511.8423483334401,-168.0081099096317,335.40189577650114,27.32240489293796,65.61700315071045,68.06453459490666
S3,approach_blue_block_in_drawer,0.88,520.3394284479818,-169.61393708160705,333.6692786974028,513.2735210270772,-169.07309544580846,332.55108743350996,27.306069089143108,66.00719643703188,67.50736086817751
S3,approach_blue_block_in_drawer,0.89,521.9407569477473,-170.58566418323517,330.5601979179386,514.7747811581511,-170.39243283046665,329.81792267875244,27.384472257896576,65.85754522055903,67.2800589423859
S3,approach_blue_block_in_drawer,0.9,523.0104781705289,-171.178161585798,328.2215783078527,516.3443714288771,-171.69054312340515,327.21391791242775,27.35521824810102,64.64260302468321,66.76716809129219
S3,approach_blue_block_in_drawer,0.91,523.7249988356849,-171.64198508056865,325.3697332044675,517.7480088683848,-172.79885980054095,324.3870894078021,27.29996859928542,62.14878404043064,65.92396235500465
S3,approach_blue_block_in_drawer,0.92,523.8202529060014,-172.80386045625033,322.25058423270536,518.928059240291,-173.71550622384837,321.4981234602314,28.481356665411816,59.340244107818336,64.49861119854648
S3,approach_blue_block_in_drawer,0.93,523.3621870078802,-174.3253564923586,318.87294270577206,519.9967423456155,-174.44576895861454,318.72885976540675,30.00286747902929,56.49683751999015,62.64625321326212
S3,approach_blue_block_in_drawer,0.9400000000000001,522.6056209181156,-174.55861735366204,315.8295480313525,520.8307129358338,-174.90363024147237,315.8302040897541,30.78438586046385,56.09802524826508,60.552482823048
S3,approach_blue_block_in_drawer,0.9500000000000001,523.6246864711424,-174.1137911445935,313.32829807394853,521.7068759942701,-174.75775718653932,313.03574574860437,30.29562054603462,56.765507902930636,61.8351552719126
S3,approach_blue_block_in_drawer,0.96,525.4638054206326,-173.9483753035007,311.24710534478197,522.6628964065019,-174.38206589512976,310.3722067314362,29.337284031811414,55.97900599818699,63.42816510818565
S3,approach_blue_block_in_drawer,0.97,527.08623568655,-173.3226094561979,308.9656269509571,523.543279821831,-173.67379835727533,307.73682559291376,29.45208026680765,55.4943866074802,63.840647886338154
S3,approach_blue_block_in_drawer,0.98,528.610976793309,-171.96602151483722,306.25023156644795,524.6568615955717,-172.92278045380493,305.3606372268895,29.637964495216437,55.91737756343109,62.81677828799415
S3,approach_blue_block_in_drawer,0.99,529.4663546131693,-170.9756252571983,306.30494672368525,525.6117905777597,-172.62566146313858,304.0469389275786,28.370903411069648,58.225417181130176,62.19181403834575
S3,approach_blue_block_in_drawer,1.0,529.3597717285156,-171.7410659790039,308.0957489013672,524.9935353597006,-172.60316162109376,305.3192515055338,28.452245582570185,58.3105390296354,65.32900450967813
S4,lift_transport_and_align_blue_block_on_black_table,0.0,529.3597717285156,-171.7410659790039,308.0957489013672,524.9935353597006,-172.60316162109376,305.3192515055338,28.452245582570185,58.3105390296354,65.32900450967813
S4,lift_transport_and_align_blue_block_on_black_table,0.01,527.5776013522061,-171.22279647566023,310.5470822755898,523.5533635338263,-172.75750857879265,308.5490680242314,26.676318065247244,59.516663780400734,64.66106322559914
S4,lift_transport_and_align_blue_block_on_black_table,0.02,527.3399342577732,-170.90371425815994,314.7744176842146,523.0608390817886,-172.93584406251696,312.99968460510587,25.927907910470964,59.875496690971794,63.127964253436275
S4,lift_transport_and_align_blue_block_on_black_table,0.03,526.9445252560668,-171.1306474099727,319.2657392385195,522.5184511385503,-173.07558615836044,317.5002403556347,25.991208348266255,59.46861264424396,61.8318284913724
S4,lift_transport_and_align_blue_block_on_black_table,0.04,526.3195479779083,-171.10144630481034,323.4605185889908,521.9112832971243,-172.98735902233855,322.00892711217637,26.139868045163524,58.94459963005921,60.53402805925981
S4,lift_transport_and_align_blue_block_on_black_table,0.05,525.6021372948136,-170.64053628185718,327.5832150027812,521.257045708238,-172.71242779311612,326.5044436104611,26.349169464623603,58.12494641512607,59.509124784856226
S4,lift_transport_and_align_blue_block_on_black_table,0.06,524.9143910014884,-170.53190987394453,331.77213828399624,520.5761768267051,-172.32600189166473,330.9952321937404,27.081437821788278,57.452702578177195,59.36591645295174
S4,lift_transport_and_align_blue_block_on_black_table,0.07,524.3540170219709,-170.21536498250788,336.2279136216927,519.8646742601535,-171.92088038860905,335.4853445354665,28.26092979527059,56.51637418486129,59.60064232121027
S4,lift_transport_and_align_blue_block_on_black_table,0.08,524.0523472885043,-169.37100294478773,340.69075858164734,519.1202943512617,-171.50617529781127,339.9809240335686,29.432091832668046,55.884764978886835,60.01075084730833
S4,lift_transport_and_align_blue_block_on_black_table,0.09,523.7464013911242,-168.97798740577923,345.10870217347644,518.3278772531172,-171.05475868631532,344.4732308204103,29.10180857381303,54.88648981685597,60.530036111496216
S4,lift_transport_and_align_blue_block_on_black_table,0.1,523.3829875786538,-168.50833238829335,349.4055555725331,517.4736250549531,-170.5405230101747,348.9490742379073,28.48215077416593,53.98404619895193,60.97989332216887
S4,lift_transport_and_align_blue_block_on_black_table,0.11,522.4869052306761,-168.15887753878985,353.47384056847375,516.5608967017938,-169.96591268119587,353.41682957897103,28.353067563086856,53.29921425393208,60.90366842405799
S4,lift_transport_and_align_blue_block_on_black_table,0.12,521.2936045324154,-167.87530759073036,357.74165429909806,515.5803646673163,-169.38322777732813,357.87809679300165,28.360306737152165,52.657484186484446,60.68353583868291
S4,lift_transport_and_align_blue_block_on_black_table,0.13,520.1735463741222,-167.61456152213583,362.42733777869256,514.5818266966448,-168.77933825363638,362.34275745148597,28.502941206157253,51.91714790283202,60.26519904003591
S4,lift_transport_and_align_blue_block_on_black_table,0.14,518.9824996845919,-167.34743577530077,367.39992427853895,513.5825640666178,-168.15142293813253,366.807263606003,28.534067636610875,51.22821086076563,59.978542805449294
S4,lift_transport_and_align_blue_block_on_black_table,0.15,517.7516657404008,-167.2408657943928,372.247203594124,512.5701509345056,-167.54013503580038,371.26945690105816,28.083564086658615,50.38300363174279,59.78300382973931
S4,lift_transport_and_align_blue_block_on_black_table,0.16,516.3710415518492,-167.13047779024475,376.87770135167347,511.5333338489023,-166.96410889942976,375.7273342978,27.51495013291853,49.93945279967029,59.46717105151412
S4,lift_transport_and_align_blue_block_on_black_table,0.17,514.9051913740834,-166.26141908860728,381.51199726790105,510.46658967543306,-166.3985585006221,380.17534582825846,27.893108414516306,50.03930828269858,59.014905109989606
S4,lift_transport_and_align_blue_block_on_black_table,0.18,513.373553977038,-165.45508978494672,385.83788954319976,509.3517514280539,-165.85081776222017,384.6046982513069,27.760144599876977,49.98592895736793,58.44617704672477
S4,lift_transport_and_align_blue_block_on_black_table,0.19,512.0331213728434,-164.38118587492937,389.8080018831845,508.17593352388513,-165.30580580351767,389.01188247068774,27.128995266805248,50.10258271328029,57.99164225652094
S4,lift_transport_and_align_blue_block_on_black_table,0.2,510.628416508638,-163.52703453986013,393.77093683647433,506.9349218591388,-164.77005692015462,393.39116865928435,25.92946831967734,50.191383640400296,57.60945253053149
S4,lift_transport_and_align_blue_block_on_black_table,0.21,509.0970678191187,-163.3484781780605,397.71296018176065,505.62684331988817,-164.24140016828827,397.7334083952696,25.003741900760794,50.171009075592224,57.279763723540924
S4,lift_transport_and_align_blue_block_on_black_table,0.22,507.41712222281035,-163.11461289278998,401.6793402207938,504.24896877807873,-163.69843995547825,402.03805100490354,24.271664414641897,50.00711821657027,56.967355117159066
S4,lift_transport_and_align_blue_block_on_black_table,0.23,505.7416307171537,-162.67853527630115,405.9858063402088,502.79918111290317,-163.1037908841222,406.3113478379832,24.262569863720547,50.526803230159494,56.90838506185404
S4,lift_transport_and_align_blue_block_on_black_table,0.24,504.43024378126466,-162.5659662372904,410.24247094270436,501.25617173933483,-162.4322724760426,410.5464415909685,24.74649497549487,50.912203334514885,57.385104104268805
S4,lift_transport_and_align_blue_block_on_black_table,0.25,503.0851687068116,-161.47589275175565,414.10282381435513,499.6061661873364,-161.6500570158187,414.7382603586299,25.55113252665909,51.528063821724494,57.56073635151934
S4,lift_transport_and_align_blue_block_on_black_table,0.26,501.6998451328701,-160.3823449171781,417.8327516192311,497.82551145269446,-160.7603639167616,418.86171728884557,26.67668318390792,51.90396861782335,57.69332627630108
S4,lift_transport_and_align_blue_block_on_black_table,0.27,500.18276824182016,-159.34765062084676,421.38956087304257,495.92595195199345,-159.76010802309156,422.913623315702,27.176409682855773,51.92987953504837,57.67781512459901
S4,lift_transport_and_align_blue_block_on_black_table,0.28,498.56983468533747,-158.46231504330353,425.5428135340424,493.8939903545013,-158.61042315427304,426.8634388271328,27.165705492090023,52.63975273063724,57.70087828483223
S4,lift_transport_and_align_blue_block_on_black_table,0.29,496.83921707580413,-157.83965924518617,429.6921347039311,491.72902436442996,-157.31406932131208,430.6881562902753,27.655116817184755,53.4360605057047,57.76230836938665
S4,lift_transport_and_align_blue_block_on_black_table,0.3,495.0107810224865,-156.8380577408882,433.37827635219367,489.46513719585255,-155.89879001017974,434.3986107152948,28.117215420424177,54.16339538263465,57.62082271178171
S4,lift_transport_and_align_blue_block_on_black_table,0.31,492.9194148753975,-155.18530763649235,436.8650763815474,487.1287259686417,-154.35745592207292,438.00528360338143,28.400947514975563,54.724787125675284,57.240278538431994
S4,lift_transport_and_align_blue_block_on_black_table,0.32,490.38030035454176,-153.2399727610368,440.2965850564942,484.70279151168853,-152.7132792452689,441.5062783548317,28.565850284532736,53.900115568428035,57.20429419914326
S4,lift_transport_and_align_blue_block_on_black_table,0.33,487.7593914570484,-151.59103158773954,443.7086674886208,482.19081837635815,-150.96998521860456,444.89894455207906,28.982733557204845,53.452041315499564,57.25670834890715
S4,lift_transport_and_align_blue_block_on_black_table,0.34,485.0907143251615,-149.11366295110497,447.0308218572733,479.5912066487551,-149.09449683090688,448.15588808914293,29.894573756568647,53.22641981373753,56.9809603100607
S4,lift_transport_and_align_blue_block_on_black_table,0.35000000000000003,482.471076578017,-146.5225915075589,450.30566013157943,476.90656292630314,-147.07043458335974,451.2727835875297,29.619999269234405,53.30807834426684,56.85950759401278
S4,lift_transport_and_align_blue_block_on_black_table,0.36,479.9279988498979,-143.90935283322148,453.44050844558865,474.1633524243552,-144.88287816430062,454.23592570597344,29.332057921420915,53.91264643364614,56.38063029365095
S4,lift_transport_and_align_blue_block_on_black_table,0.37,477.52551266637903,-141.20547718367527,456.5066550068847,471.37553037108677,-142.56160034913717,457.0347891090393,29.37085029542603,54.94311946960024,56.27920413353938
S4,lift_transport_and_align_blue_block_on_black_table,0.38,475.27116133194903,-138.5806749490438,459.4343925203657,468.5486492472322,-140.17014606384797,459.7085952245585,29.797395295471418,55.98837437750144,56.74672338146859
S4,lift_transport_and_align_blue_block_on_black_table,0.39,472.0143511501076,-135.9612882356277,462.43915465748785,465.6796755356348,-137.7297461625871,462.25973936040987,29.6343389240669,55.62576989154771,56.83871705819519
S4,lift_transport_and_align_blue_block_on_black_table,0.4,468.71526948126257,-133.29466100467184,465.44962836298316,462.7545118225333,-135.22373062423657,464.66882585432717,30.154520965532285,55.27111084726384,57.19692966317295
S4,lift_transport_and_align_blue_block_on_black_table,0.41000000000000003,465.3235677610694,-130.11222142703443,467.83927432237147,459.7622732755522,-132.63506693138817,466.8811507129203,30.827630800806663,55.008885592419134,56.96200773878096
S4,lift_transport_and_align_blue_block_on_black_table,0.42,461.8463901390563,-127.3550021222998,469.9041454627784,456.71381668978574,-129.96716675510984,468.87804055056466,31.17110530020966,54.674031316266145,56.61752156676171
S4,lift_transport_and_align_blue_block_on_black_table,0.43,458.38927885263695,-124.66622547369074,472.403577934195,453.6364301805424,-127.268333561965,470.73705387862094,31.4959204505668,54.547799973274216,56.45614287462058
S4,lift_transport_and_align_blue_block_on_black_table,0.44,454.91137241178114,-121.77201786951474,474.837188904246,450.55295263910847,-124.51924735479379,472.4591706036201,32.30226222229013,54.448246458951196,56.39700668558035
S4,lift_transport_and_align_blue_block_on_black_table,0.45,451.37602631660184,-118.33502758885763,476.2226198951339,447.4744892528481,-121.70364222882795,474.0945294438394,33.167098156121824,54.3284615128342,56.105453656229855
S4,lift_transport_and_align_blue_block_on_black_table,0.46,447.71898531408874,-115.25309520081491,477.1400039795328,444.3956928945649,-118.7858769341368,475.581942903749,33.724143833006735,54.4235129931416,55.628366726721616
S4,lift_transport_and_align_blue_block_on_black_table,0.47000000000000003,444.02391069111303,-112.6216310154939,478.052362909662,441.3065068041052,-115.77861889077626,476.8996684666315,34.11958788638468,54.353056709640114,55.298869577811175
S4,lift_transport_and_align_blue_block_on_black_table,0.48,439.98269293525163,-110.17787000589156,478.8005717384724,438.1860679014158,-112.70656991030629,478.02392410841304,34.98525332750481,54.171787630402065,55.20031939993818
S4,lift_transport_and_align_blue_block_on_black_table,0.49,435.8380744729087,-108.33474208418255,478.85277559125745,435.032559008513,-109.61004829637166,479.0162145058532,36.85962160732929,52.887691961101325,54.59718749397808
S4,lift_transport_and_align_blue_block_on_black_table,0.5,431.6598929128817,-106.18584811877616,479.01519519680335,431.8573317395537,-106.46555030124746,479.76194442054134,37.9897342180693,52.17922486320579,53.99016489130948
S4,lift_transport_and_align_blue_block_on_black_table,0.51,427.5450594839401,-103.28469768738644,480.48640512186955,428.68071824155214,-103.27255896712992,480.2474721709526,38.780942715613094,52.581821445306176,53.17989858730113
S4,lift_transport_and_align_blue_block_on_black_table,0.52,423.5076990050968,-100.87560149364626,480.65751879443985,425.5212533477726,-100.02564746191557,480.49606183476516,39.128466554020164,52.477407420438034,53.01492382249855
S4,lift_transport_and_align_blue_block_on_black_table,0.53,419.58741652807714,-97.89047089906836,480.8773922324192,422.426966486451,-96.71681264643631,480.5049466280135,38.889892445700696,51.56522155564319,53.250185679327316
S4,lift_transport_and_align_blue_block_on_black_table,0.54,415.75818380098457,-94.62004268767039,480.88414403717485,419.42025786023385,-93.32872595199547,480.3872014525015,38.59054113216422,50.800986300907965,53.49106347958136
S4,lift_transport_and_align_blue_block_on_black_table,0.55,411.9856143759763,-91.18776715627905,480.87646224796345,416.5001299414117,-89.87222152192142,480.15546925036045,39.06331895057622,50.811662368411994,53.776675939723276
S4,lift_transport_and_align_blue_block_on_black_table,0.56,408.3008518688971,-87.57693315511688,480.20036941309985,413.66278073833683,-86.35791556171709,479.79778113384765,39.33206798244668,51.07935991433422,54.20567768682585
S4,lift_transport_and_align_blue_block_on_black_table,0.5700000000000001,404.62829893686444,-83.82697080383583,479.60516470218874,410.8788116763935,-82.83377439889044,479.2734262484365,39.00359783525833,51.609964835995086,54.7285475822712
S4,lift_transport_and_align_blue_block_on_black_table,0.58,401.0173073178348,-79.97697646839416,478.9132879052298,408.1328779350827,-79.32596328197795,478.57637995627545,38.864756140947506,52.25975376291529,55.31511382213797
S4,lift_transport_and_align_blue_block_on_black_table,0.59,397.59487740252473,-76.03655726347753,478.1409745664607,405.4197565241811,-75.84650067786967,477.68576454539175,39.8903325717236,53.05518680164524,55.9074665646036
S4,lift_transport_and_align_blue_block_on_black_table,0.6,395.4903374064559,-72.07962896096063,477.10264492875206,402.7421667239143,-72.39377221163609,476.59938994966996,40.38959059232606,53.608897939864804,56.35143868778829
S4,lift_transport_and_align_blue_block_on_black_table,0.61,393.40815559155294,-68.34882316243376,475.39397357768746,400.1336066407188,-68.9467011525528,475.34484428106936,40.48803571506049,55.063389538821,56.86606551914988
S4,lift_transport_and_align_blue_block_on_black_table,0.62,391.35284168807755,-64.96038575891487,473.97872078854743,397.6311542746523,-65.48317334092893,473.93707690512235,40.60210903411516,56.08368567074032,57.62437452287501
S4,lift_transport_and_align_blue_block_on_black_table,0.63,389.355866759993,-61.21556460832828,472.11530389632554,395.2601434328877,-62.01808167930489,472.3501114381625,40.6809473515433,55.50784586822887,58.78754136618867
S4,lift_transport_and_align_blue_block_on_black_table,0.64,387.78840910201484,-57.43575142535485,469.2038075121104,393.0332740184998,-58.56581354608652,470.5522987143903,40.326267198191054,57.52070624040695,58.58238844113044
S4,lift_transport_and_align_blue_block_on_black_table,0.65,387.0245761824153,-54.47050543272121,467.60800515697963,390.9107509764681,-55.14780850841143,468.5963787075105,38.874256564200465,58.09801426629586,59.4146379741927
S4,lift_transport_and_align_blue_block_on_black_table,0.66,386.15112820682776,-51.16786310436059,465.82906349748464,388.85069176588814,-51.76985972731889,466.532757179104,37.40415883197975,57.16468653806147,61.06092219523979
S4,lift_transport_and_align_blue_block_on_black_table,0.67,385.15924986173445,-48.224216542388746,464.2800280693731,386.92136425004935,-48.43498792809151,464.38639723483556,37.61410584744374,56.324326288724315,62.601463750904415
S4,lift_transport_and_align_blue_block_on_black_table,0.68,384.4171683747969,-45.52110767800818,462.4137290358533,385.13963452413253,-45.11745869101708,462.1670396389146,36.41411683724705,55.25544361849953,64.33935349768473
S4,lift_transport_and_align_blue_block_on_black_table,0.6900000000000001,383.84362133689365,-42.37160769487002,460.18491817056474,383.48459493449457,-41.79226425740281,459.8350514270807,35.66419604346975,54.121466632685774,66.16601727373096
S4,lift_transport_and_align_blue_block_on_black_table,0.7000000000000001,383.36201851049,-39.110239432086054,457.08505060416763,381.9303711921367,-38.481846043272306,457.3712098338573,35.49420529364464,52.876106205880745,68.02410675993066
S4,lift_transport_and_align_blue_block_on_black_table,0.71,382.99776250414243,-35.924663276245816,454.85590654501806,380.49734120660725,-35.20259737869786,454.7770174988531,34.65984823042052,52.09648441812162,69.78689879311924
S4,lift_transport_and_align_blue_block_on_black_table,0.72,382.6995228638065,-32.24081546952959,452.96863591892145,379.1982652287277,-31.916645827678177,452.112844524847,33.28516226142138,53.77249594716338,70.92883740661145
S4,lift_transport_and_align_blue_block_on_black_table,0.73,382.25859411494446,-28.656165381907904,450.51677854771765,377.980310179214,-28.667876536620863,449.3893575332122,32.187919423659324,55.0323161213238,71.23663235475212
S4,lift_transport_and_align_blue_block_on_black_table,0.74,381.65152838010874,-25.790839901774504,447.7488494120709,376.80789583668064,-25.574442124300017,446.5323000583303,30.734286410571297,55.48512790556394,70.9947819955566
S4,lift_transport_and_align_blue_block_on_black_table,0.75,381.0680296894593,-23.05343103664062,444.68563554602997,375.70436387783934,-22.690349595761923,443.4725455670644,30.06770379085423,55.31208057127198,70.20039064646208
S4,lift_transport_and_align_blue_block_on_black_table,0.76,380.56180512947753,-19.902922974954002,441.58029638479877,374.73735566467116,-19.919228147066246,440.26461383300295,29.270533644423544,55.087175571342335,68.8815000662052
S4,lift_transport_and_align_blue_block_on_black_table,0.77,379.9587649360842,-16.715272514092575,437.95579375233103,373.8841456910586,-17.16295951756819,437.0419419898882,28.834304101047625,54.32294687462886,67.39644061315532
S4,lift_transport_and_align_blue_block_on_black_table,0.78,379.41863807734575,-13.792447359182653,434.1175637527464,373.0168295443255,-14.403206017004045,433.76620756375365,28.85827371575778,54.656794878467466,66.63862978084674
S4,lift_transport_and_align_blue_block_on_black_table,0.79,379.42856975438747,-11.188319682271974,430.10945408667527,372.1666102834359,-11.835227016743131,430.2966493443455,28.525689548626517,55.298514823608194,66.67462877889285
S4,lift_transport_and_align_blue_block_on_black_table,0.8,379.4981044965451,-8.658799097141685,425.842870814086,371.45814197880344,-9.468796002160976,426.67020169621,28.371897978456488,56.511170412209395,66.66023239718004
S4,lift_transport_and_align_blue_block_on_black_table,0.81,379.7950135054191,-6.338942327866528,421.9919436455975,370.8937656471252,-7.319062091758662,422.8815538678843,28.42987740873952,58.425281228555434,66.62698847249852
S4,lift_transport_and_align_blue_block_on_black_table,0.8200000000000001,380.3028305511855,-4.782590264298079,418.81583262160405,370.47942099275554,-5.350120840571849,418.9402013601714,28.080060170992063,60.81744756765849,67.00413685647354
S4,lift_transport_and_align_blue_block_on_black_table,0.8300000000000001,380.8279174480003,-3.015012056912613,415.28915323908086,370.2615954338907,-3.470168617155173,414.9771133306041,27.14590102331262,63.13381357798961,67.2038101363851
S4,lift_transport_and_align_blue_block_on_black_table,0.84,381.44422361614113,-0.558106313855442,411.5081712928355,370.21255514286526,-1.61684644110728,411.0370968773913,26.637536692555095,65.25961879821594,67.10182229738567
S4,lift_transport_and_align_blue_block_on_black_table,0.85,382.0407313454531,1.05985872227502,408.005204766597,370.2695266684356,0.2074756211963835,407.0599049499989,26.305742823346804,66.76025507785778,67.54423907103248
S4,lift_transport_and_align_blue_block_on_black_table,0.86,382.4451597314337,2.4875197123038664,404.5445059142445,370.4867556416438,1.93044670847811,403.0059309033766,25.19009848912677,66.0871435242181,68.52355592985376
S4,lift_transport_and_align_blue_block_on_black_table,0.87,383.04690683183145,3.4768744245347927,400.1241591988927,370.93180416222117,3.39610833038576,398.86582933523397,24.893519374184958,64.99548001804685,69.23745463900373
S4,lift_transport_and_align_blue_block_on_black_table,0.88,384.0736529514186,4.435111042664078,395.10112065415603,371.3637549742991,4.4828164556308865,394.686037239628,23.531951938154165,64.18975986416578,70.37330746667732
S4,lift_transport_and_align_blue_block_on_black_table,0.89,384.09556364641446,5.2349685697294905,389.99543717331073,371.99995613118153,5.159096659710118,390.5740460493929,23.826738565107384,62.39917512942065,69.9171902810634
S4,lift_transport_and_align_blue_block_on_black_table,0.9,384.71454211034813,5.975915175669651,385.37027349373705,372.99860145080646,5.73254519445718,386.6705447498625,23.913968440938202,61.50003755452034,69.60737874403364
S4,lift_transport_and_align_blue_block_on_black_table,0.91,385.57262103797876,7.972634949158106,381.78021509550376,374.0537166428663,6.381057864570583,382.80856114126084,22.976806444641504,59.49923761457256,68.88492048977248
S4,lift_transport_and_align_blue_block_on_black_table,0.92,386.06785984641283,8.604149807289915,377.73346967247755,375.04358170695826,6.62533170669003,378.9228527483514,23.09145541468846,56.81975148660009,67.54512374393305
S4,lift_transport_and_align_blue_block_on_black_table,0.93,385.90042557745187,7.860894706429587,375.47592327552803,376.2862046748687,6.520700773705789,375.22181353691474,22.738950166250103,55.0316225294147,67.1885886529229
S4,lift_transport_and_align_blue_block_on_black_table,0.9400000000000001,386.53683931683156,6.4633190065083035,373.0845951227446,377.85123936128974,6.226135892167152,371.65481582579434,21.823482014929937,54.49099874049495,66.04047916513429
S4,lift_transport_and_align_blue_block_on_black_table,0.9500000000000001,386.4841558128313,6.291722966031972,370.24007491904285,378.89037740120824,5.873846339128255,367.8589200863149,21.724923312879483,52.503735412907524,64.70591772010384
S4,lift_transport_and_align_blue_block_on_black_table,0.96,387.1044608960416,4.310549926725427,367.65298984866286,379.9642664899899,5.168487930534598,364.66478375080914,19.946499733352077,50.398230671043855,64.85729931084867
S4,lift_transport_and_align_blue_block_on_black_table,0.97,387.9377659640017,3.0675604951952185,364.84675494367633,380.8074056467589,4.350619942147376,361.5962388780264,18.253673819525787,50.91001573730805,62.31053060656972
S4,lift_transport_and_align_blue_block_on_black_table,0.98,388.80255331746014,1.990040450908019,361.8622400089371,381.7186395763789,3.13738819401351,358.6097856574223,18.439967045736303,49.561416107199584,60.70238947696607
S4,lift_transport_and_align_blue_block_on_black_table,0.99,389.0940242293243,2.448014108170994,358.89452613263126,382.04621890389063,2.4983783702759848,355.8395511107395,20.02710364394227,47.32071228842303,57.75321988789048
S4,lift_transport_and_align_blue_block_on_black_table,1.0,389.2379913330078,1.5932170748710632,361.01759338378906,382.4550374348958,1.7541955242554346,357.3725545247396,20.878920108526906,48.029200826101594,57.50115277815437
S5,close_drawer_and_retract_with_open_gripper,0.0,389.2379913330078,1.5932170748710632,361.01759338378906,382.4550374348958,1.7541955242554346,357.3725545247396,20.878920108526906,48.029200826101594,57.50115277815437
S5,close_drawer_and_retract_with_open_gripper,0.01,389.0642470222956,0.7683946006850271,370.63654471692524,383.5262322318362,1.4338776583663084,366.7582003591131,22.219265559882103,48.12940826336496,57.680206359602934
S5,close_drawer_and_retract_with_open_gripper,0.02,390.8357211660323,-0.28998490181105346,380.4936665714937,385.42254835844994,0.07815383484235534,376.58110824016046,22.47068636068491,48.95252241177597,58.034785539924115
S5,close_drawer_and_retract_with_open_gripper,0.03,392.46015451514785,-1.4588202588469747,390.4403816070841,386.9741481055276,-1.3878049304981863,386.455864745159,22.06675017435768,50.365860078906834,58.45516862062792
S5,close_drawer_and_retract_with_open_gripper,0.04,393.50322671506353,-2.953570339026716,400.64149158908555,388.322030497221,-2.8771402994669493,396.35228812301614,22.508734734465385,51.54152456559242,58.5069826311092
S5,close_drawer_and_retract_with_open_gripper,0.05,394.43747963768277,-4.210845047978584,409.5980303536709,389.4854863900906,-4.628143870270306,406.205315465392,22.994123657647727,51.9289589689465,58.25612023127591
S5,close_drawer_and_retract_with_open_gripper,0.06,395.73685153586297,-6.7668184078917735,419.1199244258901,390.544405543149,-6.698015795126249,416.0197506786886,23.722935774313747,52.78713884042396,58.566567591410625
S5,close_drawer_and_retract_with_open_gripper,0.07,397.30401157402036,-9.04734306204703,428.2992414219274,391.68903784123705,-9.360096254854417,425.66392941116385,23.902074974225556,53.766393214130275,59.121085040793645
S5,close_drawer_and_retract_with_open_gripper,0.08,399.2772667582196,-12.73894439830578,436.9136220078772,392.90035717917897,-12.675942773618006,435.0099470228346,24.192151771703276,54.577461511720536,60.57316787952131
S5,close_drawer_and_retract_with_open_gripper,0.09,400.8240929362755,-16.97884733106924,445.1619682126401,394.0084352403605,-16.729180417479455,443.98750489407394,23.959556779352916,54.19116206529773,62.334546755596854
S5,close_drawer_and_retract_with_open_gripper,0.1,402.137766113282,-21.56635199475073,452.55440592409127,395.04335339096184,-21.729403726015786,452.38407077847734,25.422743288165115,52.90810121612847,64.27533737963648
S5,close_drawer_and_retract_with_open_gripper,0.11,403.7557021388883,-26.642884367906884,461.3265709829983,395.98732467511365,-27.594957743380007,460.08772099069824,26.434483237852323,51.216716287638995,67.32450450537459
S5,close_drawer_and_retract_with_open_gripper,0.12,405.2639350738665,-34.85495613024874,468.1575939121683,396.7921609589248,-34.33107368355852,466.8967633366261,28.513482932398176,52.878649056612275,69.8757987787678
S5,close_drawer_and_retract_with_open_gripper,0.13,406.2775465316671,-43.007392146768765,471.5858878383474,397.4101106965726,-41.86430036486973,472.78479696689374,28.52358337489479,54.340172421381254,71.01169655052554
S5,close_drawer_and_retract_with_open_gripper,0.14,407.17096774523463,-52.04326998569469,474.8970510461138,397.8549234361057,-50.17302440285755,477.5498634386857,31.628250380760896,56.6521501111135,72.30604933761892
S5,close_drawer_and_retract_with_open_gripper,0.15,408.06196122064375,-60.01992191784295,477.02537043376583,398.1009044256971,-59.064447090104544,481.0588624395045,32.57329770873318,58.97285219800142,73.80365574134443
S5,close_drawer_and_retract_with_open_gripper,0.16,408.69883961239486,-68.04695923297656,478.0936897480681,398.05129952822034,-68.4043631075658,483.34819556656777,34.528140817865406,61.560301681919185,75.0888436459191
S5,close_drawer_and_retract_with_open_gripper,0.17,408.8786109710599,-77.50397721337282,479.0482093172651,397.83520638937335,-78.05328008760611,484.24319879822644,34.13909253579457,64.01979642552193,76.85303003393874
S5,close_drawer_and_retract_with_open_gripper,0.18,409.0326077713346,-86.957430576756,478.1061071572376,397.6090042517714,-87.65791382915656,483.5744243175461,35.91680596025161,66.51771046183667,79.49650284163991
S5,close_drawer_and_retract_with_open_gripper,0.19,409.8100901453176,-96.09200988460324,475.26574796324877,397.3848235838785,-97.02035783731222,481.34564463262643,37.55909801526654,69.12351553354239,82.94178856708982
S5,close_drawer_and_retract_with_open_gripper,0.2,409.42274446735735,-103.68883161996746,471.58491198288266,397.2016950843166,-105.9353589817316,477.8077370616893,37.48204049610621,69.53468709346853,84.70880825384641
S5,close_drawer_and_retract_with_open_gripper,0.21,407.58606548616046,-112.68882778798366,465.73113903210503,397.2800659646021,-113.93820017542129,473.1112371818108,36.565962232251835,69.4410978148907,85.1957748254232
S5,close_drawer_and_retract_with_open_gripper,0.22,406.8605967696069,-121.64617118987032,459.71482486721766,396.9281626112233,-120.92027688619065,466.88642317736213,34.69005154950585,69.41622349694603,87.38546092836734
S5,close_drawer_and_retract_with_open_gripper,0.23,405.1141609904395,-128.61262387478283,454.7531761986457,396.82931325018876,-127.10978001262083,459.8415649147723,33.407910347063236,66.82155027269854,88.67381549925695
S5,close_drawer_and_retract_with_open_gripper,0.24,403.849565813253,-134.37960814421916,450.56324276683165,396.7764207783068,-132.8781486938438,452.2490610576743,34.862070400143224,65.11918466023347,90.85345935080113
S5,close_drawer_and_retract_with_open_gripper,0.25,403.1139018680671,-138.60575829940086,446.0511460534319,396.66332690536734,-137.96999747795726,444.1771911323888,38.38376004719331,64.55973796237734,93.1586731120872
S5,close_drawer_and_retract_with_open_gripper,0.26,402.85004746114646,-144.03022085064055,438.3770660424064,396.4518506593055,-142.3505093329563,435.5635077591671,40.301633764448994,65.98019247888455,94.9139858390502
S5,close_drawer_and_retract_with_open_gripper,0.27,402.86487114607195,-147.85782432388106,428.89421491258724,396.15631337094607,-145.95225201687592,426.49982062231413,40.58417848510089,67.10835981625087,95.60402559873013
S5,close_drawer_and_retract_with_open_gripper,0.28,400.86128466686404,-150.33286977119423,418.67792671264596,395.94730406243457,-149.41993771013884,417.45172578900895,40.14856593947293,65.60763542790123,93.51597607497531
S5,close_drawer_and_retract_with_open_gripper,0.29,399.35907349384024,-154.8279044512335,408.3432824600712,395.77950658532956,-152.64377404462448,408.35836845110515,38.21636641861964,65.32545601424049,91.16982746751972
S5,close_drawer_and_retract_with_open_gripper,0.3,397.89698491985047,-156.43403631720548,398.1664880487873,395.70245048898863,-155.59289877740665,399.19546925228883,38.36818286999775,63.98301862815938,86.13284151733905
S5,close_drawer_and_retract_with_open_gripper,0.31,401.27234248195043,-159.3219689824356,388.8231526416522,396.18097726306206,-158.16058893670595,390.25849682920483,40.82853722987028,66.48643274885885,82.55949392923557
S5,close_drawer_and_retract_with_open_gripper,0.32,403.66136133232624,-162.69224438109296,379.64971971385967,397.25959078796234,-160.7765085405762,381.5194796085943,41.572994118061516,65.10900647652724,78.67930121193038
S5,close_drawer_and_retract_with_open_gripper,0.33,405.1818982111331,-165.92976372021064,370.6119380252235,399.05369099880124,-162.58703112291687,372.9121528954248,35.84234034455494,60.34603295190782,78.49647186760392
S5,close_drawer_and_retract_with_open_gripper,0.34,408.16535193586475,-165.1469836691025,360.86129841624575,401.29438820461723,-164.38512528659052,364.0957594422751,35.62724593403264,65.73115923327084,78.1341714609896
S5,close_drawer_and_retract_with_open_gripper,0.35000000000000003,411.62464320063407,-166.24616985170377,351.50327455914305,404.7473785169149,-166.33411085094608,356.0674290796494,35.07330968555762,71.61048465528503,77.06506528625148
S5,close_drawer_and_retract_with_open_gripper,0.36,412.10565435728705,-168.16127383233646,343.6782360531232,407.9897377695297,-168.88074539915974,348.14835472878167,34.14098197660134,69.5599538608623,78.0729063587094
S5,close_drawer_and_retract_with_open_gripper,0.37,415.0364930290941,-170.21164706341813,335.8857886118816,412.1729016870761,-171.62237576466617,341.0669137003373,32.323969138855624,68.05173857582841,78.21331331279009
S5,close_drawer_and_retract_with_open_gripper,0.38,417.42268542293834,-171.87258628838458,332.34236780631375,417.69967817449714,-173.87647031787756,335.51251545159386,33.22762032831717,66.90665345362396,72.41500943524832
S5,close_drawer_and_retract_with_open_gripper,0.39,420.4535645175922,-174.10826047952196,329.25145904835927,423.7583363822575,-175.95950809017504,330.230324489876,33.58755333588837,64.89738821479479,67.13944653889646
S5,close_drawer_and_retract_with_open_gripper,0.4,424.9021803363324,-177.9241697591441,326.16961354671025,430.46636026986454,-178.16327589918967,325.6858245772983,32.810339945853855,65.93167056020272,69.08169971986011
S5,close_drawer_and_retract_with_open_gripper,0.41000000000000003,434.79575395108884,-182.2946343433519,319.62663256074904,437.41338252672705,-179.42612577931916,321.9026829344651,32.09443599527519,65.99807826715093,67.32263967117912
S5,close_drawer_and_retract_with_open_gripper,0.42,443.03209725636395,-181.86750660121544,317.95425567260844,445.04380083049006,-180.12760187544748,319.0174212764614,29.591816260807374,65.94836064552544,68.75742161601694
S5,close_drawer_and_retract_with_open_gripper,0.43,452.6265329806526,-181.25465611215185,317.1205884423499,453.28735500205323,-180.24521617457458,317.00402812071735,29.723445796932694,67.27760593781755,71.59352777351097
S5,close_drawer_and_retract_with_open_gripper,0.44,460.5219391203006,-177.70275664281536,316.67519323683894,461.80781150382063,-178.16710198554523,316.16691753846715,29.817328453215982,68.5487316840191,69.864673246222
S5,close_drawer_and_retract_with_open_gripper,0.45,468.9731876403505,-176.12137307475243,316.0028234635578,470.80407097640017,-176.227398372397,315.5339454707731,29.431145597446157,67.52020473919545,70.2692613359697
S5,close_drawer_and_retract_with_open_gripper,0.46,478.7160633568868,-177.18220516181356,317.1255435698421,479.92569805721484,-174.96071703436846,314.9977323224433,30.54516355937644,66.68343903410597,69.68072449846181
S5,close_drawer_and_retract_with_open_gripper,0.47000000000000003,488.4083844170032,-176.39824476756945,317.7639444516511,489.2082977200717,-173.30186236321484,314.75544785290214,30.15395353378372,66.56617451468915,69.91760083630763
S5,close_drawer_and_retract_with_open_gripper,0.48,498.241261962153,-174.69010474295433,317.84644595003476,498.6396088270821,-171.63642178390768,314.68812581327256,30.78794739317171,67.39998379036139,69.19356526915544
S5,close_drawer_and_retract_with_open_gripper,0.49,507.9939520534805,-174.0203398180337,317.3245434404487,508.19165245389337,-170.63021312566795,314.55832179338466,31.664194559271586,65.44720455672062,67.53229877890556
S5,close_drawer_and_retract_with_open_gripper,0.5,517.7266099321896,-171.6716915007778,317.01728899289196,517.662477300899,-169.5941055196865,314.513088720188,31.34976182895229,63.318307582641516,66.65731020898123
S5,close_drawer_and_retract_with_open_gripper,0.51,526.9144487826777,-168.82783672989655,316.0782825681808,526.9749076619742,-168.50048824468325,314.8057660478054,30.52576692701365,63.69835030033978,66.83895769241528
S5,close_drawer_and_retract_with_open_gripper,0.52,535.9554092474773,-169.6585385801693,316.282328951297,535.7684194288736,-167.72554226424867,315.30466784933026,29.33091711723945,63.96323504744501,66.8836070140747
S5,close_drawer_and_retract_with_open_gripper,0.53,544.9554008609695,-167.66818253636757,316.3354506698779,544.3276133145968,-167.2776862556442,315.5000351887606,26.830155503386074,62.570431319921724,63.441022306990604
S5,close_drawer_and_retract_with_open_gripper,0.54,552.7782663975722,-166.9348999486411,316.4093045506368,551.8852548123356,-166.6892332456532,316.09534857094,25.003573682765023,55.64620027661168,63.13794953094795
S5,close_drawer_and_retract_with_open_gripper,0.55,561.2938361188601,-166.43938320003838,316.8712288840462,558.4534275151592,-165.92026559252045,317.135187315325,29.528174110440805,52.73705143832631,54.12974858888123
S5,close_drawer_and_retract_with_open_gripper,0.56,566.9570767932297,-166.90796853963946,316.6375747429106,563.6478981061531,-164.128979986159,318.4405188726494,31.301053470348986,47.262608701172354,50.681235887377746
S5,close_drawer_and_retract_with_open_gripper,0.5700000000000001,568.398329857745,-164.2133113932835,316.6557515712225,566.5314265780376,-162.42464236597462,319.5611508989458,31.91496788865834,49.49124970458419,54.24509982309635
S5,close_drawer_and_retract_with_open_gripper,0.58,566.3946716119865,-162.4335895409179,317.17794916708283,564.6479090651304,-161.23478087771062,320.97227096594344,28.181336143020175,52.70829081073341,55.238573200309375
S5,close_drawer_and_retract_with_open_gripper,0.59,561.2244830173452,-162.35722562226627,318.95012190259956,560.736935394876,-160.99268326979944,323.00076121430965,27.66300839295281,51.4837584077434,59.29103506807363
S5,close_drawer_and_retract_with_open_gripper,0.6,556.6249358082498,-163.36208445948427,322.8693213806022,554.2517286438073,-161.33802917645428,325.7113912483484,27.09832933433049,55.89845811747113,63.52828669480326
S5,close_drawer_and_retract_with_open_gripper,0.61,548.358192228839,-164.05207905139662,328.14098704760016,546.7440097728983,-161.76014272780714,329.44969459439653,27.40102413653747,58.754491412704404,63.020100537309595
S5,close_drawer_and_retract_with_open_gripper,0.62,539.4120233931308,-162.18284935264074,334.0088318779053,539.2270833410545,-161.33989257137202,333.7345932300325,32.43709831216348,59.93805749167437,61.76962898202392
S5,close_drawer_and_retract_with_open_gripper,0.63,530.62774910149,-161.76153506669672,338.68468618578885,531.515221927599,-160.9658294235724,338.29348405321156,34.10575741348335,56.4529358347257,64.25871663483836
S5,close_drawer_and_retract_with_open_gripper,0.64,522.3972422973316,-161.72709116596172,343.3570835564913,523.7523977188597,-160.6746087719743,343.31131742218093,33.7366859665787,66.10510842251627,67.85210413921425
S5,close_drawer_and_retract_with_open_gripper,0.65,514.7615197226294,-161.38743135981383,348.3112311059438,515.7606860862329,-160.1971383071088,348.67953281690114,33.79259557778692,67.47528797322866,71.24140893913778
S5,close_drawer_and_retract_with_open_gripper,0.66,506.8924370388495,-160.44700986091377,353.66750736807734,507.9716605219606,-159.70873767538347,354.6273329264659,33.78470734917222,68.65253067327961,73.3218507767222
S5,close_drawer_and_retract_with_open_gripper,0.67,500.51727362748136,-158.72917820247056,360.3665556549191,500.5254813314226,-159.1121811038171,361.0245196740538,34.895366967906654,71.3585005457895,74.67057196553898
S5,close_drawer_and_retract_with_open_gripper,0.68,493.6804713555148,-157.86220495530813,368.2103150423285,493.4343267413324,-158.2346766130042,367.7377384749327,34.09130815634968,72.45232531240292,76.90610245519731
S5,close_drawer_and_retract_with_open_gripper,0.6900000000000001,487.1072065980517,-158.96610516429678,376.17612427796865,486.6543548899008,-156.96736985055472,374.6435561893942,34.804453165680876,73.39012052955341,79.37235991308204
S5,close_drawer_and_retract_with_open_gripper,0.7000000000000001,480.4418210799877,-157.12162517381736,384.6459123879283,480.20668876445416,-155.34479060656602,381.76620297265447,33.69443435931397,74.48025136070194,81.02695523184154
S5,close_drawer_and_retract_with_open_gripper,0.71,473.6243707348872,-154.2712270851127,392.59532759831893,474.1229759226069,-153.28600179837912,389.02130744461107,35.33018458927387,75.63103096033939,81.72637615101733
S5,close_drawer_and_retract_with_open_gripper,0.72,467.3656752304421,-151.58367571367208,399.3661179424047,468.4748353000681,-150.76738988124893,396.33611022429625,36.52287089259408,76.1100445804937,81.61836470987969
S5,close_drawer_and_retract_with_open_gripper,0.73,460.481402273959,-147.2091558773796,406.54359611724124,463.2317782986048,-147.8192118073455,403.70293982145375,36.94484296096391,77.25480614298553,79.66831579214268
S5,close_drawer_and_retract_with_open_gripper,0.74,455.0555646957333,-143.30524000948222,413.54480176306095,458.3204573050006,-144.3220642528859,411.1230997606582,38.0420352629383,77.57211600918512,80.1584627771555
S5,close_drawer_and_retract_with_open_gripper,0.75,452.6502525932958,-140.04448207034838,420.9476733512138,453.7092817332073,-140.29801598855386,418.4060803269053,40.40086081300585,78.14192243498485,81.09344106083961
S5,close_drawer_and_retract_with_open_gripper,0.76,450.6444563565438,-136.03371057068597,428.5553369127481,449.38257442058864,-135.51933292564624,425.49906222331293,40.5485243476637,77.38335565925077,82.95256639062107
S5,close_drawer_and_retract_with_open_gripper,0.77,448.7060141728693,-130.0943094037022,436.02378788448766,445.41901109735954,-129.75145430864106,432.24794282307363,38.96196560741387,76.79576551428552,83.73150265851608
S5,close_drawer_and_retract_with_open_gripper,0.78,446.7665722374902,-125.11402216824035,441.28295867873186,441.74025156880214,-123.26947566437737,438.5439182800978,36.9239676617915,74.75800761940214,83.40929255299712
S5,close_drawer_and_retract_with_open_gripper,0.79,444.14085866862666,-118.01929835474498,447.09132365777924,438.3900002399098,-116.3356500812984,444.5066543069115,37.89431160296657,74.55012156582895,81.94220034712609
S5,close_drawer_and_retract_with_open_gripper,0.8,439.91484656363934,-110.31857404774873,452.13343006071347,435.31380328539285,-109.09022002334815,450.14735650913025,39.600915456559406,77.26692191357948,79.59540878891814
S5,close_drawer_and_retract_with_open_gripper,0.81,436.14878142659916,-102.58681647782163,457.63537034967953,432.47083391857933,-101.52001035857819,455.47390044076224,38.683071019422925,76.82518655833063,79.49593656155217
S5,close_drawer_and_retract_with_open_gripper,0.8200000000000001,432.9770808777751,-94.45405062852754,461.8797488251216,429.80424460096975,-93.61460591791838,460.378494294935,37.36155241768868,74.92833367801794,81.60808699723614
S5,close_drawer_and_retract_with_open_gripper,0.8300000000000001,430.24401788593946,-86.64210521215055,465.340568094196,427.2899196097891,-85.38113795788705,464.76704358938395,37.69479801543928,74.2834533635054,83.60793907240807
S5,close_drawer_and_retract_with_open_gripper,0.84,427.55343576963423,-78.5532763574423,467.7548681816602,424.8908318581697,-76.61394829840644,468.2370894150811,38.554401618572555,73.65393038210647,85.18381045689873
S5,close_drawer_and_retract_with_open_gripper,0.85,423.5958083392728,-69.77753762675994,469.33592445253566,422.7726534751507,-67.45742601451806,471.0584933054689,38.76004680630528,74.03618043719462,85.26305642541654
S5,close_drawer_and_retract_with_open_gripper,0.86,419.74774653425214,-60.549965535987376,471.9441648808226,420.91893741087443,-58.04257325775991,473.4939793230661,40.219922730467644,75.27347107834846,83.51150986923192
S5,close_drawer_and_retract_with_open_gripper,0.87,417.3230826671327,-51.42521626142407,475.1818853394363,419.2780972656198,-48.5073184484855,475.6713869790785,40.81559442496932,74.59946581780997,82.08694909635648
S5,close_drawer_and_retract_with_open_gripper,0.88,415.9285233207579,-41.86186015731902,477.7894603557283,417.7838266863666,-38.96544074492934,477.5101921048253,41.115347505859205,72.75702231986811,80.98327675288803
S5,close_drawer_and_retract_with_open_gripper,0.89,414.5933191458593,-32.15220000852638,479.6213019963435,416.3699771405508,-29.616778120705337,478.7780859842479,40.75003172557223,67.28250805932461,79.18225012845303
S5,close_drawer_and_retract_with_open_gripper,0.9,413.3662640412847,-22.413472429453165,481.1274836784341,414.98041256412796,-21.436357619254217,479.3696166215857,40.69825243359444,61.51275768319242,77.20563936861724
S5,close_drawer_and_retract_with_open_gripper,0.91,412.11646221824424,-13.891424412913954,482.0747680878171,413.4940928926315,-13.88857561940025,479.3569537300531,42.01438266937288,57.367759981457795,66.86281804792537
S5,close_drawer_and_retract_with_open_gripper,0.92,410.2021315285755,-8.610004606194138,481.30971539875287,411.750327687186,-6.751078127960726,478.52105733663836,39.831813399054795,52.21193537928672,61.758483751111356
S5,close_drawer_and_retract_with_open_gripper,0.93,406.88834108999674,-2.2159136362305007,479.4117136882259,409.80432633790707,-0.5391145116485989,476.77448786707293,36.1675253328227,52.236708329868364,62.84873148248159
S5,close_drawer_and_retract_with_open_gripper,0.9400000000000001,406.3942651949547,2.0645786128697594,479.20302928500007,408.33873697847986,3.6885616819213785,475.68143844311606,38.00226763422478,51.23047897549258,65.24638285229815
S5,close_drawer_and_retract_with_open_gripper,0.9500000000000001,406.3275149556666,3.5380683040850434,476.6340768044414,407.35836793132245,5.313529671843814,474.4167005696367,31.455099792126312,52.57170785124585,61.90070794184125
S5,close_drawer_and_retract_with_open_gripper,0.96,405.33130843468416,6.884665143772412,473.8594451672962,407.34692379354175,7.242680495333594,474.1862350083996,31.240948373980668,54.74699479542197,61.07810994732687
S5,close_drawer_and_retract_with_open_gripper,0.97,404.7504233612797,7.282382004306116,473.69331334962806,406.6712049978007,7.393154962933173,473.95289986156354,31.338841971851238,56.44290302028965,60.97782689340324
S5,close_drawer_and_retract_with_open_gripper,0.98,404.1645039109958,8.714022274425265,472.86215629272624,406.64731291262507,8.302783152740364,473.2044750239345,33.39744958175409,54.97859392904868,62.87159801454095
S5,close_drawer_and_retract_with_open_gripper,0.99,408.00411333375155,8.080042191894426,473.5922180305429,406.9260011619115,8.652607669581329,471.30639109431525,32.89708826029673,50.94224262981616,62.10301781635546
S5,close_drawer_and_retract_with_open_gripper,1.0,406.8008117675781,8.392667055130005,471.91517639160156,405.6832529703776,8.923791642983755,470.46058146158856,33.62848437918886,52.80173919688796,64.43985337295325
